-- MySQL dump 10.13  Distrib 5.7.24, for Linux (x86_64)
--
-- Host: localhost    Database: tinttblog
-- ------------------------------------------------------
-- Server version	5.7.24-0ubuntu0.16.04.1

/*!40101 SET @OLD_CHARACTER_SET_CLIENT=@@CHARACTER_SET_CLIENT */;
/*!40101 SET @OLD_CHARACTER_SET_RESULTS=@@CHARACTER_SET_RESULTS */;
/*!40101 SET @OLD_COLLATION_CONNECTION=@@COLLATION_CONNECTION */;
/*!40101 SET NAMES utf8 */;
/*!40103 SET @OLD_TIME_ZONE=@@TIME_ZONE */;
/*!40103 SET TIME_ZONE='+00:00' */;
/*!40014 SET @OLD_UNIQUE_CHECKS=@@UNIQUE_CHECKS, UNIQUE_CHECKS=0 */;
/*!40014 SET @OLD_FOREIGN_KEY_CHECKS=@@FOREIGN_KEY_CHECKS, FOREIGN_KEY_CHECKS=0 */;
/*!40101 SET @OLD_SQL_MODE=@@SQL_MODE, SQL_MODE='NO_AUTO_VALUE_ON_ZERO' */;
/*!40111 SET @OLD_SQL_NOTES=@@SQL_NOTES, SQL_NOTES=0 */;

--
-- Current Database: `tinttblog`
--

CREATE DATABASE /*!32312 IF NOT EXISTS*/ `tinttblog` /*!40100 DEFAULT CHARACTER SET utf8mb4 */;

USE `tinttblog`;

--
-- Table structure for table `accesstokens`
--

DROP TABLE IF EXISTS `accesstokens`;
/*!40101 SET @saved_cs_client     = @@character_set_client */;
/*!40101 SET character_set_client = utf8 */;
CREATE TABLE `accesstokens` (
  `id` varchar(24) NOT NULL,
  `token` varchar(191) NOT NULL,
  `user_id` varchar(24) NOT NULL,
  `client_id` varchar(24) NOT NULL,
  `issued_by` varchar(24) DEFAULT NULL,
  `expires` bigint(20) NOT NULL,
  PRIMARY KEY (`id`),
  UNIQUE KEY `accesstokens_token_unique` (`token`),
  KEY `accesstokens_user_id_foreign` (`user_id`),
  KEY `accesstokens_client_id_foreign` (`client_id`),
  CONSTRAINT `accesstokens_client_id_foreign` FOREIGN KEY (`client_id`) REFERENCES `clients` (`id`),
  CONSTRAINT `accesstokens_user_id_foreign` FOREIGN KEY (`user_id`) REFERENCES `users` (`id`)
) ENGINE=InnoDB DEFAULT CHARSET=utf8mb4;
/*!40101 SET character_set_client = @saved_cs_client */;

--
-- Dumping data for table `accesstokens`
--

LOCK TABLES `accesstokens` WRITE;
/*!40000 ALTER TABLE `accesstokens` DISABLE KEYS */;
INSERT INTO `accesstokens` VALUES ('5b936e842271212b255a2e6d','JTtJZOumEPBneGapGDCMdkFGYMScB6RH6Krocd4w3jPLJYU39gHCF53cky6Fy9QIUwfRtQvlKV7v87XSdNFMXNp5rnAVerqcsAErhx08pu7OlmuuXEZN9rA1NMOGfikwzVBHiyoQSMwkf0gpwLIq8YtONOSqvvr37MgLy2CJBSRdJ6BFjlYVIy8rUNfoksP','1','5b92a82c81e399199df622e7','5b936e842271212b255a2e6c',1539016740981),('5b93ee8e2271212b255a2e76','5fHA45uKJQGryP1F0xyQCf3faPzIDt6CwkwGhkokxCqAn011keDN3T5Xzsd0ftiRYDGX0cCtLktkGGqxuNDuCF5tZFHurlW6e5tqJdSOU7Ze9JFZurHPI36Gc5xlSBgyEKNpBjHVUNAiWFEdHrSKlxL3sTihv4oyWqQBOncZe0T5f58WxrM0bqFE8hZ1KQC','1','5b92a82c81e399199df622e7','5b92bc092271212b255a2e61',1539049518522),('5b9530431dd0766f74a20b96','f2JrVahIP2XXwDzSBxNci873366iB6X8YvgCnjeShLorldmrIcVVWQSiKgyxGzX96p9SukKxJUN5kKPUei21SxLF0UR17Kc1fBI6cjzOavzOpr0Ojhs5JqLvtQo2kgf96amZH79pLvG1yb3HI25UgTTEAJhtKL6FsR1BiagoUIyKrTpqs42Jo8w8lXlXf5r','1','5b92a82c81e399199df622e7','5b9369ed2271212b255a2e69',1539131875959),('5b97897f1dd0766f74a20b9e','Fq5rS7XlRK6BOBdFYjNm2XEe0uWeXS8LsiXkdEVC1gsbhMGGgcRTTUhgT5xQBIkrlQTkBnNeCnTFl3GbgAbWTcXnesJ91zyURei0Xn0XOAhk6kFnSjlHP2qp7Z5O0KfZMXEVU85XYserbqFgvnXFTPFofnHkPSFyAHvLIEVHTw7kKXjLms36wwjJ5z9uRTQ','1','5b92a82c81e399199df622e7','5b97897f1dd0766f74a20b9d',1539285791765),('5ba98c6c1dd0766f74a20ba9','pNqdJfnj3MDaF83R2gAXIqwOtLpVKSC1lyhuZjHhNdr8XvpD7VBBcXrjugH6STYyYGRoJPwl0MZ81j6VDZzXzu8XAoHdNEXtnvEnd78R5SiLWhnFFhkUXxXgzb8iHEqjfSCn9TAcc8z8rnA4fc29hoogdbAy0foRl9MENQn7L4k9LDtatRyxlf2QKqBDif2','1','5b92a82c81e399199df622e7','5b93f32c2271212b255a2e77',1540466188311),('5bcc26639263f77c9da3d878','FAB1fjP7mWloBEt4mRcyUskiNIaBKrivlHv7CgDf8qA02ThrjQF7svlosey5CNnMUQurNERGRZLtOIgiwM6MfGmQNibKLpZxTjJNbDB3HIIZOmYM2k9ZpXtVADaeKMoNA3aILaxglxVOlwdIpBTAqZOgTpLnshMYu3tzZ3NAur3CBlotDPAnPaTWn9dumIv','1','5b92a82c81e399199df622e7','5b936e842271212b255a2e6c',1542733827465),('5bd480e09263f77c9da3d953','bql0sKFWKTVm2VlyEm49timXEV0ugLEW4CCReMn4CXVUdIFXxR5ZsmALPaimKBSIl1HiEhmmEK3eVadegKFZmXOrELr2kJf7NfhPja8JodJ4dhcLfJfeUFrsS3n8KMqUHj7rsEhilKsF4BeEMPWI6GwfZ6yg5xVQF2CrVUQ7Tt5LREwGkOd6mnuLc12jIsM','1','5b92a82c81e399199df622e7','5bd480e09263f77c9da3d952',1543281280701);
/*!40000 ALTER TABLE `accesstokens` ENABLE KEYS */;
UNLOCK TABLES;

--
-- Table structure for table `app_fields`
--

DROP TABLE IF EXISTS `app_fields`;
/*!40101 SET @saved_cs_client     = @@character_set_client */;
/*!40101 SET character_set_client = utf8 */;
CREATE TABLE `app_fields` (
  `id` varchar(24) NOT NULL,
  `key` varchar(50) NOT NULL,
  `value` text,
  `type` varchar(50) NOT NULL DEFAULT 'html',
  `app_id` varchar(24) NOT NULL,
  `relatable_id` varchar(24) NOT NULL,
  `relatable_type` varchar(50) NOT NULL DEFAULT 'posts',
  `active` tinyint(1) NOT NULL DEFAULT '1',
  `created_at` datetime NOT NULL,
  `created_by` varchar(24) NOT NULL,
  `updated_at` datetime DEFAULT NULL,
  `updated_by` varchar(24) DEFAULT NULL,
  PRIMARY KEY (`id`),
  KEY `app_fields_app_id_foreign` (`app_id`),
  CONSTRAINT `app_fields_app_id_foreign` FOREIGN KEY (`app_id`) REFERENCES `apps` (`id`)
) ENGINE=InnoDB DEFAULT CHARSET=utf8mb4;
/*!40101 SET character_set_client = @saved_cs_client */;

--
-- Dumping data for table `app_fields`
--

LOCK TABLES `app_fields` WRITE;
/*!40000 ALTER TABLE `app_fields` DISABLE KEYS */;
/*!40000 ALTER TABLE `app_fields` ENABLE KEYS */;
UNLOCK TABLES;

--
-- Table structure for table `app_settings`
--

DROP TABLE IF EXISTS `app_settings`;
/*!40101 SET @saved_cs_client     = @@character_set_client */;
/*!40101 SET character_set_client = utf8 */;
CREATE TABLE `app_settings` (
  `id` varchar(24) NOT NULL,
  `key` varchar(50) NOT NULL,
  `value` text,
  `app_id` varchar(24) NOT NULL,
  `created_at` datetime NOT NULL,
  `created_by` varchar(24) NOT NULL,
  `updated_at` datetime DEFAULT NULL,
  `updated_by` varchar(24) DEFAULT NULL,
  PRIMARY KEY (`id`),
  UNIQUE KEY `app_settings_key_unique` (`key`),
  KEY `app_settings_app_id_foreign` (`app_id`),
  CONSTRAINT `app_settings_app_id_foreign` FOREIGN KEY (`app_id`) REFERENCES `apps` (`id`)
) ENGINE=InnoDB DEFAULT CHARSET=utf8mb4;
/*!40101 SET character_set_client = @saved_cs_client */;

--
-- Dumping data for table `app_settings`
--

LOCK TABLES `app_settings` WRITE;
/*!40000 ALTER TABLE `app_settings` DISABLE KEYS */;
/*!40000 ALTER TABLE `app_settings` ENABLE KEYS */;
UNLOCK TABLES;

--
-- Table structure for table `apps`
--

DROP TABLE IF EXISTS `apps`;
/*!40101 SET @saved_cs_client     = @@character_set_client */;
/*!40101 SET character_set_client = utf8 */;
CREATE TABLE `apps` (
  `id` varchar(24) NOT NULL,
  `name` varchar(191) NOT NULL,
  `slug` varchar(191) NOT NULL,
  `version` varchar(50) NOT NULL,
  `status` varchar(50) NOT NULL DEFAULT 'inactive',
  `created_at` datetime NOT NULL,
  `created_by` varchar(24) NOT NULL,
  `updated_at` datetime DEFAULT NULL,
  `updated_by` varchar(24) DEFAULT NULL,
  PRIMARY KEY (`id`),
  UNIQUE KEY `apps_name_unique` (`name`),
  UNIQUE KEY `apps_slug_unique` (`slug`)
) ENGINE=InnoDB DEFAULT CHARSET=utf8mb4;
/*!40101 SET character_set_client = @saved_cs_client */;

--
-- Dumping data for table `apps`
--

LOCK TABLES `apps` WRITE;
/*!40000 ALTER TABLE `apps` DISABLE KEYS */;
/*!40000 ALTER TABLE `apps` ENABLE KEYS */;
UNLOCK TABLES;

--
-- Table structure for table `brute`
--

DROP TABLE IF EXISTS `brute`;
/*!40101 SET @saved_cs_client     = @@character_set_client */;
/*!40101 SET character_set_client = utf8 */;
CREATE TABLE `brute` (
  `key` varchar(191) NOT NULL,
  `firstRequest` bigint(20) NOT NULL,
  `lastRequest` bigint(20) NOT NULL,
  `lifetime` bigint(20) NOT NULL,
  `count` int(11) NOT NULL
) ENGINE=InnoDB DEFAULT CHARSET=utf8mb4;
/*!40101 SET character_set_client = @saved_cs_client */;

--
-- Dumping data for table `brute`
--

LOCK TABLES `brute` WRITE;
/*!40000 ALTER TABLE `brute` DISABLE KEYS */;
INSERT INTO `brute` VALUES ('cRPpHvdy8sfL5UFWTquKywpwNrBuEQ6gQngGed2hJr4=',1540653280078,1540653280078,1540656880087,1);
/*!40000 ALTER TABLE `brute` ENABLE KEYS */;
UNLOCK TABLES;

--
-- Table structure for table `client_trusted_domains`
--

DROP TABLE IF EXISTS `client_trusted_domains`;
/*!40101 SET @saved_cs_client     = @@character_set_client */;
/*!40101 SET character_set_client = utf8 */;
CREATE TABLE `client_trusted_domains` (
  `id` varchar(24) NOT NULL,
  `client_id` varchar(24) NOT NULL,
  `trusted_domain` varchar(2000) DEFAULT NULL,
  PRIMARY KEY (`id`),
  KEY `client_trusted_domains_client_id_foreign` (`client_id`),
  CONSTRAINT `client_trusted_domains_client_id_foreign` FOREIGN KEY (`client_id`) REFERENCES `clients` (`id`)
) ENGINE=InnoDB DEFAULT CHARSET=utf8mb4;
/*!40101 SET character_set_client = @saved_cs_client */;

--
-- Dumping data for table `client_trusted_domains`
--

LOCK TABLES `client_trusted_domains` WRITE;
/*!40000 ALTER TABLE `client_trusted_domains` DISABLE KEYS */;
/*!40000 ALTER TABLE `client_trusted_domains` ENABLE KEYS */;
UNLOCK TABLES;

--
-- Table structure for table `clients`
--

DROP TABLE IF EXISTS `clients`;
/*!40101 SET @saved_cs_client     = @@character_set_client */;
/*!40101 SET character_set_client = utf8 */;
CREATE TABLE `clients` (
  `id` varchar(24) NOT NULL,
  `uuid` varchar(36) NOT NULL,
  `name` varchar(50) NOT NULL,
  `slug` varchar(50) NOT NULL,
  `secret` varchar(191) NOT NULL,
  `redirection_uri` varchar(2000) DEFAULT NULL,
  `client_uri` varchar(2000) DEFAULT NULL,
  `auth_uri` varchar(2000) DEFAULT NULL,
  `logo` varchar(2000) DEFAULT NULL,
  `status` varchar(50) NOT NULL DEFAULT 'development',
  `type` varchar(50) NOT NULL DEFAULT 'ua',
  `description` varchar(2000) DEFAULT NULL,
  `created_at` datetime NOT NULL,
  `created_by` varchar(24) NOT NULL,
  `updated_at` datetime DEFAULT NULL,
  `updated_by` varchar(24) DEFAULT NULL,
  PRIMARY KEY (`id`),
  UNIQUE KEY `clients_name_unique` (`name`),
  UNIQUE KEY `clients_slug_unique` (`slug`)
) ENGINE=InnoDB DEFAULT CHARSET=utf8mb4;
/*!40101 SET character_set_client = @saved_cs_client */;

--
-- Dumping data for table `clients`
--

LOCK TABLES `clients` WRITE;
/*!40000 ALTER TABLE `clients` DISABLE KEYS */;
INSERT INTO `clients` VALUES ('5b92a82c81e399199df622e7','3780ea16-43cf-42a7-b1ea-ede9955d62b9','Ghost Admin','ghost-admin','77e9c3c9a4e5',NULL,NULL,NULL,NULL,'enabled','ua',NULL,'2018-09-07 16:32:44','1','2018-09-07 16:32:44','1'),('5b92a82c81e399199df622e8','bfb5f6f4-540d-4fc2-b1cc-a43746c573e5','Ghost Frontend','ghost-frontend','9e4ae8853a02',NULL,NULL,NULL,NULL,'enabled','ua',NULL,'2018-09-07 16:32:44','1','2018-09-07 16:32:44','1'),('5b92a82c81e399199df622e9','2b31beda-ea9d-4df7-9a84-eb3d36e3ee5a','Ghost Scheduler','ghost-scheduler','1e249f544715',NULL,NULL,NULL,NULL,'enabled','web',NULL,'2018-09-07 16:32:44','1','2018-09-07 16:32:44','1'),('5b92a82c81e399199df622ea','b58d5639-93b7-4152-b416-f97cc7f30d6c','Ghost Backup','ghost-backup','f9cc766c0773',NULL,NULL,NULL,NULL,'enabled','web',NULL,'2018-09-07 16:32:44','1','2018-09-07 16:32:44','1');
/*!40000 ALTER TABLE `clients` ENABLE KEYS */;
UNLOCK TABLES;

--
-- Table structure for table `invites`
--

DROP TABLE IF EXISTS `invites`;
/*!40101 SET @saved_cs_client     = @@character_set_client */;
/*!40101 SET character_set_client = utf8 */;
CREATE TABLE `invites` (
  `id` varchar(24) NOT NULL,
  `role_id` varchar(24) NOT NULL,
  `status` varchar(50) NOT NULL DEFAULT 'pending',
  `token` varchar(191) NOT NULL,
  `email` varchar(191) NOT NULL,
  `expires` bigint(20) NOT NULL,
  `created_at` datetime NOT NULL,
  `created_by` varchar(24) NOT NULL,
  `updated_at` datetime DEFAULT NULL,
  `updated_by` varchar(24) DEFAULT NULL,
  PRIMARY KEY (`id`),
  UNIQUE KEY `invites_token_unique` (`token`),
  UNIQUE KEY `invites_email_unique` (`email`)
) ENGINE=InnoDB DEFAULT CHARSET=utf8mb4;
/*!40101 SET character_set_client = @saved_cs_client */;

--
-- Dumping data for table `invites`
--

LOCK TABLES `invites` WRITE;
/*!40000 ALTER TABLE `invites` DISABLE KEYS */;
/*!40000 ALTER TABLE `invites` ENABLE KEYS */;
UNLOCK TABLES;

--
-- Table structure for table `migrations`
--

DROP TABLE IF EXISTS `migrations`;
/*!40101 SET @saved_cs_client     = @@character_set_client */;
/*!40101 SET character_set_client = utf8 */;
CREATE TABLE `migrations` (
  `id` int(10) unsigned NOT NULL AUTO_INCREMENT,
  `name` varchar(120) NOT NULL,
  `version` varchar(70) NOT NULL,
  `currentVersion` varchar(255) DEFAULT NULL,
  PRIMARY KEY (`id`),
  UNIQUE KEY `migrations_name_version_unique` (`name`,`version`)
) ENGINE=InnoDB AUTO_INCREMENT=24 DEFAULT CHARSET=utf8mb4;
/*!40101 SET character_set_client = @saved_cs_client */;

--
-- Dumping data for table `migrations`
--

LOCK TABLES `migrations` WRITE;
/*!40000 ALTER TABLE `migrations` DISABLE KEYS */;
INSERT INTO `migrations` VALUES (1,'1-create-tables.js','init','2.1'),(2,'2-create-fixtures.js','init','2.1'),(3,'1-post-excerpt.js','1.3','2.1'),(4,'1-codeinjection-post.js','1.4','2.1'),(5,'1-og-twitter-post.js','1.5','2.1'),(6,'1-add-backup-client.js','1.7','2.1'),(7,'1-add-permissions-redirect.js','1.9','2.1'),(8,'1-custom-template-post.js','1.13','2.1'),(9,'2-theme-permissions.js','1.13','2.1'),(10,'1-add-webhooks-table.js','1.18','2.1'),(11,'1-webhook-permissions.js','1.19','2.1'),(12,'1-remove-settings-keys.js','1.20','2.1'),(13,'1-add-contributor-role.js','1.21','2.1'),(14,'1-multiple-authors-DDL.js','1.22','2.1'),(15,'1-multiple-authors-DML.js','1.22','2.1'),(16,'1-update-koenig-beta-html.js','1.25','2.1'),(17,'2-demo-post.js','1.25','2.1'),(18,'1-rename-amp-column.js','2.0','2.1'),(19,'2-update-posts.js','2.0','2.1'),(20,'3-remove-koenig-labs.js','2.0','2.1'),(21,'4-permalink-setting.js','2.0','2.1'),(22,'5-remove-demo-post.js','2.0','2.1'),(23,'6-replace-fixture-posts.js','2.0','2.1');
/*!40000 ALTER TABLE `migrations` ENABLE KEYS */;
UNLOCK TABLES;

--
-- Table structure for table `migrations_lock`
--

DROP TABLE IF EXISTS `migrations_lock`;
/*!40101 SET @saved_cs_client     = @@character_set_client */;
/*!40101 SET character_set_client = utf8 */;
CREATE TABLE `migrations_lock` (
  `lock_key` varchar(191) NOT NULL,
  `locked` tinyint(1) DEFAULT '0',
  `acquired_at` datetime DEFAULT NULL,
  `released_at` datetime DEFAULT NULL,
  UNIQUE KEY `migrations_lock_lock_key_unique` (`lock_key`)
) ENGINE=InnoDB DEFAULT CHARSET=utf8mb4;
/*!40101 SET character_set_client = @saved_cs_client */;

--
-- Dumping data for table `migrations_lock`
--

LOCK TABLES `migrations_lock` WRITE;
/*!40000 ALTER TABLE `migrations_lock` DISABLE KEYS */;
INSERT INTO `migrations_lock` VALUES ('km01',0,'2018-09-07 16:32:42','2018-09-07 16:32:46');
/*!40000 ALTER TABLE `migrations_lock` ENABLE KEYS */;
UNLOCK TABLES;

--
-- Table structure for table `permissions`
--

DROP TABLE IF EXISTS `permissions`;
/*!40101 SET @saved_cs_client     = @@character_set_client */;
/*!40101 SET character_set_client = utf8 */;
CREATE TABLE `permissions` (
  `id` varchar(24) NOT NULL,
  `name` varchar(50) NOT NULL,
  `object_type` varchar(50) NOT NULL,
  `action_type` varchar(50) NOT NULL,
  `object_id` varchar(24) DEFAULT NULL,
  `created_at` datetime NOT NULL,
  `created_by` varchar(24) NOT NULL,
  `updated_at` datetime DEFAULT NULL,
  `updated_by` varchar(24) DEFAULT NULL,
  PRIMARY KEY (`id`),
  UNIQUE KEY `permissions_name_unique` (`name`)
) ENGINE=InnoDB DEFAULT CHARSET=utf8mb4;
/*!40101 SET character_set_client = @saved_cs_client */;

--
-- Dumping data for table `permissions`
--

LOCK TABLES `permissions` WRITE;
/*!40000 ALTER TABLE `permissions` DISABLE KEYS */;
INSERT INTO `permissions` VALUES ('5b92a82c81e399199df622f0','Export database','db','exportContent',NULL,'2018-09-07 16:32:44','1','2018-09-07 16:32:44','1'),('5b92a82c81e399199df622f1','Import database','db','importContent',NULL,'2018-09-07 16:32:44','1','2018-09-07 16:32:44','1'),('5b92a82c81e399199df622f2','Delete all content','db','deleteAllContent',NULL,'2018-09-07 16:32:44','1','2018-09-07 16:32:44','1'),('5b92a82c81e399199df622f3','Send mail','mail','send',NULL,'2018-09-07 16:32:44','1','2018-09-07 16:32:44','1'),('5b92a82c81e399199df622f4','Browse notifications','notification','browse',NULL,'2018-09-07 16:32:44','1','2018-09-07 16:32:44','1'),('5b92a82c81e399199df622f5','Add notifications','notification','add',NULL,'2018-09-07 16:32:44','1','2018-09-07 16:32:44','1'),('5b92a82c81e399199df622f6','Delete notifications','notification','destroy',NULL,'2018-09-07 16:32:44','1','2018-09-07 16:32:44','1'),('5b92a82c81e399199df622f7','Browse posts','post','browse',NULL,'2018-09-07 16:32:44','1','2018-09-07 16:32:44','1'),('5b92a82c81e399199df622f8','Read posts','post','read',NULL,'2018-09-07 16:32:44','1','2018-09-07 16:32:44','1'),('5b92a82c81e399199df622f9','Edit posts','post','edit',NULL,'2018-09-07 16:32:44','1','2018-09-07 16:32:44','1'),('5b92a82c81e399199df622fa','Add posts','post','add',NULL,'2018-09-07 16:32:44','1','2018-09-07 16:32:44','1'),('5b92a82c81e399199df622fb','Delete posts','post','destroy',NULL,'2018-09-07 16:32:44','1','2018-09-07 16:32:44','1'),('5b92a82c81e399199df622fc','Browse settings','setting','browse',NULL,'2018-09-07 16:32:44','1','2018-09-07 16:32:44','1'),('5b92a82c81e399199df622fd','Read settings','setting','read',NULL,'2018-09-07 16:32:44','1','2018-09-07 16:32:44','1'),('5b92a82c81e399199df622fe','Edit settings','setting','edit',NULL,'2018-09-07 16:32:44','1','2018-09-07 16:32:44','1'),('5b92a82c81e399199df622ff','Generate slugs','slug','generate',NULL,'2018-09-07 16:32:44','1','2018-09-07 16:32:44','1'),('5b92a82c81e399199df62300','Browse tags','tag','browse',NULL,'2018-09-07 16:32:44','1','2018-09-07 16:32:44','1'),('5b92a82c81e399199df62301','Read tags','tag','read',NULL,'2018-09-07 16:32:44','1','2018-09-07 16:32:44','1'),('5b92a82c81e399199df62302','Edit tags','tag','edit',NULL,'2018-09-07 16:32:44','1','2018-09-07 16:32:44','1'),('5b92a82c81e399199df62303','Add tags','tag','add',NULL,'2018-09-07 16:32:44','1','2018-09-07 16:32:44','1'),('5b92a82c81e399199df62304','Delete tags','tag','destroy',NULL,'2018-09-07 16:32:44','1','2018-09-07 16:32:44','1'),('5b92a82c81e399199df62305','Browse themes','theme','browse',NULL,'2018-09-07 16:32:44','1','2018-09-07 16:32:44','1'),('5b92a82c81e399199df62306','Edit themes','theme','edit',NULL,'2018-09-07 16:32:44','1','2018-09-07 16:32:44','1'),('5b92a82c81e399199df62307','Activate themes','theme','activate',NULL,'2018-09-07 16:32:44','1','2018-09-07 16:32:44','1'),('5b92a82c81e399199df62308','Upload themes','theme','add',NULL,'2018-09-07 16:32:44','1','2018-09-07 16:32:44','1'),('5b92a82c81e399199df62309','Download themes','theme','read',NULL,'2018-09-07 16:32:44','1','2018-09-07 16:32:44','1'),('5b92a82c81e399199df6230a','Delete themes','theme','destroy',NULL,'2018-09-07 16:32:44','1','2018-09-07 16:32:44','1'),('5b92a82c81e399199df6230b','Browse users','user','browse',NULL,'2018-09-07 16:32:44','1','2018-09-07 16:32:44','1'),('5b92a82c81e399199df6230c','Read users','user','read',NULL,'2018-09-07 16:32:44','1','2018-09-07 16:32:44','1'),('5b92a82c81e399199df6230d','Edit users','user','edit',NULL,'2018-09-07 16:32:44','1','2018-09-07 16:32:44','1'),('5b92a82c81e399199df6230e','Add users','user','add',NULL,'2018-09-07 16:32:44','1','2018-09-07 16:32:44','1'),('5b92a82c81e399199df6230f','Delete users','user','destroy',NULL,'2018-09-07 16:32:44','1','2018-09-07 16:32:44','1'),('5b92a82c81e399199df62310','Assign a role','role','assign',NULL,'2018-09-07 16:32:44','1','2018-09-07 16:32:44','1'),('5b92a82c81e399199df62311','Browse roles','role','browse',NULL,'2018-09-07 16:32:44','1','2018-09-07 16:32:44','1'),('5b92a82c81e399199df62312','Browse clients','client','browse',NULL,'2018-09-07 16:32:44','1','2018-09-07 16:32:44','1'),('5b92a82c81e399199df62313','Read clients','client','read',NULL,'2018-09-07 16:32:44','1','2018-09-07 16:32:44','1'),('5b92a82c81e399199df62314','Edit clients','client','edit',NULL,'2018-09-07 16:32:44','1','2018-09-07 16:32:44','1'),('5b92a82c81e399199df62315','Add clients','client','add',NULL,'2018-09-07 16:32:44','1','2018-09-07 16:32:44','1'),('5b92a82c81e399199df62316','Delete clients','client','destroy',NULL,'2018-09-07 16:32:44','1','2018-09-07 16:32:44','1'),('5b92a82c81e399199df62317','Browse subscribers','subscriber','browse',NULL,'2018-09-07 16:32:44','1','2018-09-07 16:32:44','1'),('5b92a82c81e399199df62318','Read subscribers','subscriber','read',NULL,'2018-09-07 16:32:44','1','2018-09-07 16:32:44','1'),('5b92a82c81e399199df62319','Edit subscribers','subscriber','edit',NULL,'2018-09-07 16:32:44','1','2018-09-07 16:32:44','1'),('5b92a82c81e399199df6231a','Add subscribers','subscriber','add',NULL,'2018-09-07 16:32:44','1','2018-09-07 16:32:44','1'),('5b92a82c81e399199df6231b','Delete subscribers','subscriber','destroy',NULL,'2018-09-07 16:32:44','1','2018-09-07 16:32:44','1'),('5b92a82c81e399199df6231c','Browse invites','invite','browse',NULL,'2018-09-07 16:32:44','1','2018-09-07 16:32:44','1'),('5b92a82c81e399199df6231d','Read invites','invite','read',NULL,'2018-09-07 16:32:44','1','2018-09-07 16:32:44','1'),('5b92a82c81e399199df6231e','Edit invites','invite','edit',NULL,'2018-09-07 16:32:44','1','2018-09-07 16:32:44','1'),('5b92a82c81e399199df6231f','Add invites','invite','add',NULL,'2018-09-07 16:32:44','1','2018-09-07 16:32:44','1'),('5b92a82c81e399199df62320','Delete invites','invite','destroy',NULL,'2018-09-07 16:32:44','1','2018-09-07 16:32:44','1'),('5b92a82c81e399199df62321','Download redirects','redirect','download',NULL,'2018-09-07 16:32:44','1','2018-09-07 16:32:44','1'),('5b92a82c81e399199df62322','Upload redirects','redirect','upload',NULL,'2018-09-07 16:32:44','1','2018-09-07 16:32:44','1'),('5b92a82c81e399199df62323','Add webhooks','webhook','add',NULL,'2018-09-07 16:32:44','1','2018-09-07 16:32:44','1'),('5b92a82c81e399199df62324','Delete webhooks','webhook','destroy',NULL,'2018-09-07 16:32:44','1','2018-09-07 16:32:44','1');
/*!40000 ALTER TABLE `permissions` ENABLE KEYS */;
UNLOCK TABLES;

--
-- Table structure for table `permissions_apps`
--

DROP TABLE IF EXISTS `permissions_apps`;
/*!40101 SET @saved_cs_client     = @@character_set_client */;
/*!40101 SET character_set_client = utf8 */;
CREATE TABLE `permissions_apps` (
  `id` varchar(24) NOT NULL,
  `app_id` varchar(24) NOT NULL,
  `permission_id` varchar(24) NOT NULL,
  PRIMARY KEY (`id`)
) ENGINE=InnoDB DEFAULT CHARSET=utf8mb4;
/*!40101 SET character_set_client = @saved_cs_client */;

--
-- Dumping data for table `permissions_apps`
--

LOCK TABLES `permissions_apps` WRITE;
/*!40000 ALTER TABLE `permissions_apps` DISABLE KEYS */;
/*!40000 ALTER TABLE `permissions_apps` ENABLE KEYS */;
UNLOCK TABLES;

--
-- Table structure for table `permissions_roles`
--

DROP TABLE IF EXISTS `permissions_roles`;
/*!40101 SET @saved_cs_client     = @@character_set_client */;
/*!40101 SET character_set_client = utf8 */;
CREATE TABLE `permissions_roles` (
  `id` varchar(24) NOT NULL,
  `role_id` varchar(24) NOT NULL,
  `permission_id` varchar(24) NOT NULL,
  PRIMARY KEY (`id`)
) ENGINE=InnoDB DEFAULT CHARSET=utf8mb4;
/*!40101 SET character_set_client = @saved_cs_client */;

--
-- Dumping data for table `permissions_roles`
--

LOCK TABLES `permissions_roles` WRITE;
/*!40000 ALTER TABLE `permissions_roles` DISABLE KEYS */;
INSERT INTO `permissions_roles` VALUES ('5b92a82d81e399199df62334','5b92a82c81e399199df622eb','5b92a82c81e399199df622f0'),('5b92a82d81e399199df62335','5b92a82c81e399199df622eb','5b92a82c81e399199df622f1'),('5b92a82d81e399199df62336','5b92a82c81e399199df622eb','5b92a82c81e399199df622f2'),('5b92a82d81e399199df62337','5b92a82c81e399199df622eb','5b92a82c81e399199df622f3'),('5b92a82d81e399199df62338','5b92a82c81e399199df622eb','5b92a82c81e399199df622f4'),('5b92a82d81e399199df62339','5b92a82c81e399199df622eb','5b92a82c81e399199df622f5'),('5b92a82d81e399199df6233a','5b92a82c81e399199df622eb','5b92a82c81e399199df622f6'),('5b92a82d81e399199df6233b','5b92a82c81e399199df622eb','5b92a82c81e399199df622f7'),('5b92a82d81e399199df6233c','5b92a82c81e399199df622eb','5b92a82c81e399199df622f8'),('5b92a82d81e399199df6233d','5b92a82c81e399199df622eb','5b92a82c81e399199df622f9'),('5b92a82d81e399199df6233e','5b92a82c81e399199df622eb','5b92a82c81e399199df622fa'),('5b92a82d81e399199df6233f','5b92a82c81e399199df622eb','5b92a82c81e399199df622fb'),('5b92a82d81e399199df62340','5b92a82c81e399199df622eb','5b92a82c81e399199df622fc'),('5b92a82d81e399199df62341','5b92a82c81e399199df622eb','5b92a82c81e399199df622fd'),('5b92a82d81e399199df62342','5b92a82c81e399199df622eb','5b92a82c81e399199df622fe'),('5b92a82d81e399199df62343','5b92a82c81e399199df622eb','5b92a82c81e399199df622ff'),('5b92a82d81e399199df62344','5b92a82c81e399199df622eb','5b92a82c81e399199df62300'),('5b92a82d81e399199df62345','5b92a82c81e399199df622eb','5b92a82c81e399199df62301'),('5b92a82d81e399199df62346','5b92a82c81e399199df622eb','5b92a82c81e399199df62302'),('5b92a82d81e399199df62347','5b92a82c81e399199df622eb','5b92a82c81e399199df62303'),('5b92a82d81e399199df62348','5b92a82c81e399199df622eb','5b92a82c81e399199df62304'),('5b92a82d81e399199df62349','5b92a82c81e399199df622eb','5b92a82c81e399199df62305'),('5b92a82d81e399199df6234a','5b92a82c81e399199df622eb','5b92a82c81e399199df62306'),('5b92a82d81e399199df6234b','5b92a82c81e399199df622eb','5b92a82c81e399199df62307'),('5b92a82d81e399199df6234c','5b92a82c81e399199df622eb','5b92a82c81e399199df62308'),('5b92a82d81e399199df6234d','5b92a82c81e399199df622eb','5b92a82c81e399199df62309'),('5b92a82d81e399199df6234e','5b92a82c81e399199df622eb','5b92a82c81e399199df6230a'),('5b92a82d81e399199df6234f','5b92a82c81e399199df622eb','5b92a82c81e399199df6230b'),('5b92a82d81e399199df62350','5b92a82c81e399199df622eb','5b92a82c81e399199df6230c'),('5b92a82d81e399199df62351','5b92a82c81e399199df622eb','5b92a82c81e399199df6230d'),('5b92a82d81e399199df62352','5b92a82c81e399199df622eb','5b92a82c81e399199df6230e'),('5b92a82d81e399199df62353','5b92a82c81e399199df622eb','5b92a82c81e399199df6230f'),('5b92a82d81e399199df62354','5b92a82c81e399199df622eb','5b92a82c81e399199df62310'),('5b92a82d81e399199df62355','5b92a82c81e399199df622eb','5b92a82c81e399199df62311'),('5b92a82d81e399199df62356','5b92a82c81e399199df622eb','5b92a82c81e399199df62312'),('5b92a82d81e399199df62357','5b92a82c81e399199df622eb','5b92a82c81e399199df62313'),('5b92a82d81e399199df62358','5b92a82c81e399199df622eb','5b92a82c81e399199df62314'),('5b92a82d81e399199df62359','5b92a82c81e399199df622eb','5b92a82c81e399199df62315'),('5b92a82d81e399199df6235a','5b92a82c81e399199df622eb','5b92a82c81e399199df62316'),('5b92a82d81e399199df6235b','5b92a82c81e399199df622eb','5b92a82c81e399199df62317'),('5b92a82d81e399199df6235c','5b92a82c81e399199df622eb','5b92a82c81e399199df62318'),('5b92a82d81e399199df6235d','5b92a82c81e399199df622eb','5b92a82c81e399199df62319'),('5b92a82d81e399199df6235e','5b92a82c81e399199df622eb','5b92a82c81e399199df6231a'),('5b92a82d81e399199df6235f','5b92a82c81e399199df622eb','5b92a82c81e399199df6231b'),('5b92a82d81e399199df62360','5b92a82c81e399199df622eb','5b92a82c81e399199df6231c'),('5b92a82d81e399199df62361','5b92a82c81e399199df622eb','5b92a82c81e399199df6231d'),('5b92a82d81e399199df62362','5b92a82c81e399199df622eb','5b92a82c81e399199df6231e'),('5b92a82d81e399199df62363','5b92a82c81e399199df622eb','5b92a82c81e399199df6231f'),('5b92a82d81e399199df62364','5b92a82c81e399199df622eb','5b92a82c81e399199df62320'),('5b92a82d81e399199df62365','5b92a82c81e399199df622eb','5b92a82c81e399199df62321'),('5b92a82d81e399199df62366','5b92a82c81e399199df622eb','5b92a82c81e399199df62322'),('5b92a82d81e399199df62367','5b92a82c81e399199df622eb','5b92a82c81e399199df62323'),('5b92a82d81e399199df62368','5b92a82c81e399199df622eb','5b92a82c81e399199df62324'),('5b92a82d81e399199df62369','5b92a82c81e399199df622ec','5b92a82c81e399199df622f7'),('5b92a82d81e399199df6236a','5b92a82c81e399199df622ec','5b92a82c81e399199df622f8'),('5b92a82d81e399199df6236b','5b92a82c81e399199df622ec','5b92a82c81e399199df622f9'),('5b92a82d81e399199df6236c','5b92a82c81e399199df622ec','5b92a82c81e399199df622fa'),('5b92a82d81e399199df6236d','5b92a82c81e399199df622ec','5b92a82c81e399199df622fb'),('5b92a82d81e399199df6236e','5b92a82c81e399199df622ec','5b92a82c81e399199df622fc'),('5b92a82d81e399199df6236f','5b92a82c81e399199df622ec','5b92a82c81e399199df622fd'),('5b92a82d81e399199df62370','5b92a82c81e399199df622ec','5b92a82c81e399199df622ff'),('5b92a82d81e399199df62371','5b92a82c81e399199df622ec','5b92a82c81e399199df62300'),('5b92a82d81e399199df62372','5b92a82c81e399199df622ec','5b92a82c81e399199df62301'),('5b92a82d81e399199df62373','5b92a82c81e399199df622ec','5b92a82c81e399199df62302'),('5b92a82d81e399199df62374','5b92a82c81e399199df622ec','5b92a82c81e399199df62303'),('5b92a82d81e399199df62375','5b92a82c81e399199df622ec','5b92a82c81e399199df62304'),('5b92a82d81e399199df62376','5b92a82c81e399199df622ec','5b92a82c81e399199df6230b'),('5b92a82d81e399199df62377','5b92a82c81e399199df622ec','5b92a82c81e399199df6230c'),('5b92a82d81e399199df62378','5b92a82c81e399199df622ec','5b92a82c81e399199df6230d'),('5b92a82d81e399199df62379','5b92a82c81e399199df622ec','5b92a82c81e399199df6230e'),('5b92a82d81e399199df6237a','5b92a82c81e399199df622ec','5b92a82c81e399199df6230f'),('5b92a82d81e399199df6237b','5b92a82c81e399199df622ec','5b92a82c81e399199df62310'),('5b92a82d81e399199df6237c','5b92a82c81e399199df622ec','5b92a82c81e399199df62311'),('5b92a82d81e399199df6237d','5b92a82c81e399199df622ec','5b92a82c81e399199df62312'),('5b92a82d81e399199df6237e','5b92a82c81e399199df622ec','5b92a82c81e399199df62313'),('5b92a82d81e399199df6237f','5b92a82c81e399199df622ec','5b92a82c81e399199df62314'),('5b92a82d81e399199df62380','5b92a82c81e399199df622ec','5b92a82c81e399199df62315'),('5b92a82d81e399199df62381','5b92a82c81e399199df622ec','5b92a82c81e399199df62316'),('5b92a82d81e399199df62382','5b92a82c81e399199df622ec','5b92a82c81e399199df6231a'),('5b92a82d81e399199df62383','5b92a82c81e399199df622ec','5b92a82c81e399199df6231c'),('5b92a82d81e399199df62384','5b92a82c81e399199df622ec','5b92a82c81e399199df6231d'),('5b92a82d81e399199df62385','5b92a82c81e399199df622ec','5b92a82c81e399199df6231e'),('5b92a82d81e399199df62386','5b92a82c81e399199df622ec','5b92a82c81e399199df6231f'),('5b92a82d81e399199df62387','5b92a82c81e399199df622ec','5b92a82c81e399199df62320'),('5b92a82d81e399199df62388','5b92a82c81e399199df622ec','5b92a82c81e399199df62305'),('5b92a82d81e399199df62389','5b92a82c81e399199df622ed','5b92a82c81e399199df622f7'),('5b92a82d81e399199df6238a','5b92a82c81e399199df622ed','5b92a82c81e399199df622f8'),('5b92a82d81e399199df6238b','5b92a82c81e399199df622ed','5b92a82c81e399199df622fa'),('5b92a82d81e399199df6238c','5b92a82c81e399199df622ed','5b92a82c81e399199df622fc'),('5b92a82d81e399199df6238d','5b92a82c81e399199df622ed','5b92a82c81e399199df622fd'),('5b92a82d81e399199df6238e','5b92a82c81e399199df622ed','5b92a82c81e399199df622ff'),('5b92a82d81e399199df6238f','5b92a82c81e399199df622ed','5b92a82c81e399199df62300'),('5b92a82d81e399199df62390','5b92a82c81e399199df622ed','5b92a82c81e399199df62301'),('5b92a82d81e399199df62391','5b92a82c81e399199df622ed','5b92a82c81e399199df62303'),('5b92a82d81e399199df62392','5b92a82c81e399199df622ed','5b92a82c81e399199df6230b'),('5b92a82d81e399199df62393','5b92a82c81e399199df622ed','5b92a82c81e399199df6230c'),('5b92a82d81e399199df62394','5b92a82c81e399199df622ed','5b92a82c81e399199df62311'),('5b92a82d81e399199df62395','5b92a82c81e399199df622ed','5b92a82c81e399199df62312'),('5b92a82d81e399199df62396','5b92a82c81e399199df622ed','5b92a82c81e399199df62313'),('5b92a82d81e399199df62397','5b92a82c81e399199df622ed','5b92a82c81e399199df62314'),('5b92a82d81e399199df62398','5b92a82c81e399199df622ed','5b92a82c81e399199df62315'),('5b92a82d81e399199df62399','5b92a82c81e399199df622ed','5b92a82c81e399199df62316'),('5b92a82d81e399199df6239a','5b92a82c81e399199df622ed','5b92a82c81e399199df6231a'),('5b92a82d81e399199df6239b','5b92a82c81e399199df622ed','5b92a82c81e399199df62305'),('5b92a82d81e399199df6239c','5b92a82c81e399199df622ee','5b92a82c81e399199df622f7'),('5b92a82d81e399199df6239d','5b92a82c81e399199df622ee','5b92a82c81e399199df622f8'),('5b92a82d81e399199df6239e','5b92a82c81e399199df622ee','5b92a82c81e399199df622fa'),('5b92a82d81e399199df6239f','5b92a82c81e399199df622ee','5b92a82c81e399199df622fc'),('5b92a82d81e399199df623a0','5b92a82c81e399199df622ee','5b92a82c81e399199df622fd'),('5b92a82d81e399199df623a1','5b92a82c81e399199df622ee','5b92a82c81e399199df622ff'),('5b92a82d81e399199df623a2','5b92a82c81e399199df622ee','5b92a82c81e399199df62300'),('5b92a82d81e399199df623a3','5b92a82c81e399199df622ee','5b92a82c81e399199df62301'),('5b92a82d81e399199df623a4','5b92a82c81e399199df622ee','5b92a82c81e399199df6230b'),('5b92a82d81e399199df623a5','5b92a82c81e399199df622ee','5b92a82c81e399199df6230c'),('5b92a82d81e399199df623a6','5b92a82c81e399199df622ee','5b92a82c81e399199df62311'),('5b92a82d81e399199df623a7','5b92a82c81e399199df622ee','5b92a82c81e399199df62312'),('5b92a82d81e399199df623a8','5b92a82c81e399199df622ee','5b92a82c81e399199df62313'),('5b92a82d81e399199df623a9','5b92a82c81e399199df622ee','5b92a82c81e399199df62314'),('5b92a82d81e399199df623aa','5b92a82c81e399199df622ee','5b92a82c81e399199df62315'),('5b92a82d81e399199df623ab','5b92a82c81e399199df622ee','5b92a82c81e399199df62316'),('5b92a82d81e399199df623ac','5b92a82c81e399199df622ee','5b92a82c81e399199df6231a'),('5b92a82d81e399199df623ad','5b92a82c81e399199df622ee','5b92a82c81e399199df62305');
/*!40000 ALTER TABLE `permissions_roles` ENABLE KEYS */;
UNLOCK TABLES;

--
-- Table structure for table `permissions_users`
--

DROP TABLE IF EXISTS `permissions_users`;
/*!40101 SET @saved_cs_client     = @@character_set_client */;
/*!40101 SET character_set_client = utf8 */;
CREATE TABLE `permissions_users` (
  `id` varchar(24) NOT NULL,
  `user_id` varchar(24) NOT NULL,
  `permission_id` varchar(24) NOT NULL,
  PRIMARY KEY (`id`)
) ENGINE=InnoDB DEFAULT CHARSET=utf8mb4;
/*!40101 SET character_set_client = @saved_cs_client */;

--
-- Dumping data for table `permissions_users`
--

LOCK TABLES `permissions_users` WRITE;
/*!40000 ALTER TABLE `permissions_users` DISABLE KEYS */;
/*!40000 ALTER TABLE `permissions_users` ENABLE KEYS */;
UNLOCK TABLES;

--
-- Table structure for table `posts`
--

DROP TABLE IF EXISTS `posts`;
/*!40101 SET @saved_cs_client     = @@character_set_client */;
/*!40101 SET character_set_client = utf8 */;
CREATE TABLE `posts` (
  `id` varchar(24) NOT NULL,
  `uuid` varchar(36) NOT NULL,
  `title` varchar(2000) NOT NULL,
  `slug` varchar(191) NOT NULL,
  `mobiledoc` longtext,
  `html` longtext,
  `comment_id` varchar(50) DEFAULT NULL,
  `plaintext` longtext,
  `feature_image` varchar(2000) DEFAULT NULL,
  `featured` tinyint(1) NOT NULL DEFAULT '0',
  `page` tinyint(1) NOT NULL DEFAULT '0',
  `status` varchar(50) NOT NULL DEFAULT 'draft',
  `locale` varchar(6) DEFAULT NULL,
  `visibility` varchar(50) NOT NULL DEFAULT 'public',
  `meta_title` varchar(2000) DEFAULT NULL,
  `meta_description` varchar(2000) DEFAULT NULL,
  `author_id` varchar(24) NOT NULL,
  `created_at` datetime NOT NULL,
  `created_by` varchar(24) NOT NULL,
  `updated_at` datetime DEFAULT NULL,
  `updated_by` varchar(24) DEFAULT NULL,
  `published_at` datetime DEFAULT NULL,
  `published_by` varchar(24) DEFAULT NULL,
  `custom_excerpt` varchar(2000) DEFAULT NULL,
  `codeinjection_head` text,
  `codeinjection_foot` text,
  `og_image` varchar(2000) DEFAULT NULL,
  `og_title` varchar(300) DEFAULT NULL,
  `og_description` varchar(500) DEFAULT NULL,
  `twitter_image` varchar(2000) DEFAULT NULL,
  `twitter_title` varchar(300) DEFAULT NULL,
  `twitter_description` varchar(500) DEFAULT NULL,
  `custom_template` varchar(100) DEFAULT NULL,
  PRIMARY KEY (`id`),
  UNIQUE KEY `posts_slug_unique` (`slug`)
) ENGINE=InnoDB DEFAULT CHARSET=utf8mb4;
/*!40101 SET character_set_client = @saved_cs_client */;

--
-- Dumping data for table `posts`
--

LOCK TABLES `posts` WRITE;
/*!40000 ALTER TABLE `posts` DISABLE KEYS */;
INSERT INTO `posts` VALUES ('5b9371b52271212b255a2e70','14a547bb-8c44-452c-b5ce-59d60098bef3','Next things need to be done','next-things-need-to-be-done','{\"version\":\"0.3.1\",\"atoms\":[],\"cards\":[[\"card-markdown\",{\"cardName\":\"card-markdown\",\"markdown\":\" - [ ] integrated frontend\\n - [ ] thi dev scrum\\n\"}]],\"markups\":[],\"sections\":[[10,0],[1,\"p\",[]]]}','<ul>\n<li>[ ] integrated frontend</li>\n<li>[ ] thi dev scrum</li>\n</ul>\n','5b9371b52271212b255a2e70','* [ ] integrated frontend\n * [ ] thi dev scrum',NULL,0,0,'draft',NULL,'public',NULL,NULL,'1','2018-09-08 06:52:37','1','2018-10-21 07:16:17','1','2018-09-08 06:56:07','1','',NULL,NULL,NULL,NULL,NULL,NULL,NULL,NULL,NULL),('5b93ca4b2271212b255a2e74','96fe6625-0cb1-4861-bb7a-c1491d03b127','[Wedding] Non-editing photos - part I','wedding-photo-part-1','{\"version\":\"0.3.1\",\"atoms\":[],\"cards\":[[\"image\",{\"src\":\"/content/images/2018/09/_MG_9764.JPG\",\"cardWidth\":\"wide\",\"caption\":\"\"}],[\"gallery\",{\"images\":[{\"fileName\":\"_MG_0186.JPG\",\"row\":0,\"width\":6480,\"height\":4320,\"src\":\"/content/images/2018/09/_MG_0186.JPG\"},{\"fileName\":\"_MG_0208.JPG\",\"row\":0,\"width\":6480,\"height\":4320,\"src\":\"/content/images/2018/09/_MG_0208.JPG\"}],\"caption\":\"\"}],[\"gallery\",{\"images\":[{\"fileName\":\"_MG_9689.JPG\",\"row\":0,\"width\":6480,\"height\":4320,\"src\":\"/content/images/2018/09/_MG_9689.JPG\"},{\"fileName\":\"_MG_9693.JPG\",\"row\":0,\"width\":6480,\"height\":4320,\"src\":\"/content/images/2018/09/_MG_9693.JPG\"},{\"fileName\":\"_MG_9699.JPG\",\"row\":0,\"width\":6480,\"height\":4320,\"src\":\"/content/images/2018/09/_MG_9699.JPG\"}]}],[\"image\",{\"src\":\"/content/images/2018/09/_MG_9631-1.JPG\",\"cardWidth\":\"wide\"}],[\"gallery\",{\"images\":[{\"fileName\":\"_MG_9999.JPG\",\"row\":0,\"width\":6480,\"height\":4320,\"src\":\"/content/images/2018/09/_MG_9999.JPG\"},{\"fileName\":\"_MG_0038.JPG\",\"row\":0,\"width\":6480,\"height\":4320,\"src\":\"/content/images/2018/09/_MG_0038-2.JPG\"}]}],[\"image\",{\"src\":\"/content/images/2018/09/_MG_9911.JPG\",\"cardWidth\":\"wide\"}],[\"gallery\",{\"images\":[{\"fileName\":\"_MG_0252.JPG\",\"row\":0,\"width\":6480,\"height\":4320,\"src\":\"/content/images/2018/09/_MG_0252.JPG\"},{\"fileName\":\"_MG_0255.JPG\",\"row\":0,\"width\":6480,\"height\":4320,\"src\":\"/content/images/2018/09/_MG_0255.JPG\"}]}]],\"markups\":[],\"sections\":[[10,0],[10,1],[10,2],[10,3],[10,4],[10,5],[10,6],[1,\"p\",[]]]}','<figure class=\"kg-card kg-image-card kg-width-wide\"><img src=\"/content/images/2018/09/_MG_9764.JPG\" class=\"kg-image\"></figure><figure class=\"kg-card kg-gallery-card kg-width-wide\"><div class=\"kg-gallery-container\"><div class=\"kg-gallery-row\"><div class=\"kg-gallery-image\"><img src=\"/content/images/2018/09/_MG_0186.JPG\" width=\"6480\" height=\"4320\"></div><div class=\"kg-gallery-image\"><img src=\"/content/images/2018/09/_MG_0208.JPG\" width=\"6480\" height=\"4320\"></div></div></div></figure><figure class=\"kg-card kg-gallery-card kg-width-wide\"><div class=\"kg-gallery-container\"><div class=\"kg-gallery-row\"><div class=\"kg-gallery-image\"><img src=\"/content/images/2018/09/_MG_9689.JPG\" width=\"6480\" height=\"4320\"></div><div class=\"kg-gallery-image\"><img src=\"/content/images/2018/09/_MG_9693.JPG\" width=\"6480\" height=\"4320\"></div><div class=\"kg-gallery-image\"><img src=\"/content/images/2018/09/_MG_9699.JPG\" width=\"6480\" height=\"4320\"></div></div></div></figure><figure class=\"kg-card kg-image-card kg-width-wide\"><img src=\"/content/images/2018/09/_MG_9631-1.JPG\" class=\"kg-image\"></figure><figure class=\"kg-card kg-gallery-card kg-width-wide\"><div class=\"kg-gallery-container\"><div class=\"kg-gallery-row\"><div class=\"kg-gallery-image\"><img src=\"/content/images/2018/09/_MG_9999.JPG\" width=\"6480\" height=\"4320\"></div><div class=\"kg-gallery-image\"><img src=\"/content/images/2018/09/_MG_0038-2.JPG\" width=\"6480\" height=\"4320\"></div></div></div></figure><figure class=\"kg-card kg-image-card kg-width-wide\"><img src=\"/content/images/2018/09/_MG_9911.JPG\" class=\"kg-image\"></figure><figure class=\"kg-card kg-gallery-card kg-width-wide\"><div class=\"kg-gallery-container\"><div class=\"kg-gallery-row\"><div class=\"kg-gallery-image\"><img src=\"/content/images/2018/09/_MG_0252.JPG\" width=\"6480\" height=\"4320\"></div><div class=\"kg-gallery-image\"><img src=\"/content/images/2018/09/_MG_0255.JPG\" width=\"6480\" height=\"4320\"></div></div></div></figure>','5b93ca4b2271212b255a2e74','','/content/images/2018/09/_MG_9670-1.JPG',0,0,'published',NULL,'public','Non-editing wedding photos','Madam Ech & Gau. :))','1','2018-09-08 13:10:35','1','2018-09-11 15:03:17','1','2018-09-08 13:11:28','1','',NULL,NULL,NULL,NULL,NULL,NULL,NULL,NULL,NULL),('5b95e4651dd0766f74a20b97','7065dd05-0ebb-40d1-b6de-e20923040c0e','SG trip 23rd Sept','sg-trip-information','{\"version\":\"0.3.1\",\"atoms\":[],\"cards\":[],\"markups\":[[\"a\",[\"href\",\"https://citymapper.com/singapore\"]],[\"a\",[\"href\",\"https://www.klook.com/city/6-singapore/\"]]],\"sections\":[[1,\"p\",[[0,[],0,\"Contact name: \"]]],[1,\"p\",[[0,[],0,\"\\tDarren Liew ( +65 93388164 )\"]]],[1,\"p\",[[0,[],0,\"Apartment: \"]]],[1,\"p\",[[0,[],0,\"\\t28, Alexandra View\"]]],[1,\"p\",[[0,[],0,\"\\tAlex Residences #19-03\"]]],[1,\"p\",[[0,[],0,\"\\tSingapore (158744)\"]]],[1,\"p\",[[0,[],0,\"Recommend:\"]]],[1,\"p\",[[0,[],0,\"\\tMap: \"],[0,[0],1,\"https://citymapper.com/singapore\"]]],[1,\"p\",[[0,[],0,\"\\tPlay: \"],[0,[1],1,\"https://www.klook.com/city/6-singapore/\"]]]]}','<p>Contact name: </p><p>	Darren Liew ( +65 93388164 )</p><p>Apartment: </p><p>	28, Alexandra View</p><p>	Alex Residences #19-03</p><p>	Singapore (158744)</p><p>Recommend:</p><p>	Map: <a href=\"https://citymapper.com/singapore\">https://citymapper.com/singapore</a></p><p>	Play: <a href=\"https://www.klook.com/city/6-singapore/\">https://www.klook.com/city/6-singapore/</a></p>','5b95e4651dd0766f74a20b97','Contact name: \n\n	Darren Liew ( +65 93388164 )\n\nApartment: \n\n	28, Alexandra View\n\n	Alex Residences #19-03\n\n	Singapore (158744)\n\nRecommend:\n\n	Map: https://citymapper.com/singapore\n\n	Play: https://www.klook.com/city/6-singapore/','/content/images/2018/09/78066-LANDSCAPE-WITH-LARGER-BORDER-JAN-2016_.jpg',0,0,'draft',NULL,'public',NULL,NULL,'1','2018-09-10 03:26:29','1','2018-09-10 15:23:43','1','2018-09-10 03:31:15','1',NULL,'','',NULL,NULL,NULL,NULL,NULL,NULL,NULL),('5b9609161dd0766f74a20b9a','6386b96f-0142-4882-8bb7-12bda6ac267d','[Wedding] non-editing photos - part II','wedding-photo-part-2','{\"version\":\"0.3.1\",\"atoms\":[],\"cards\":[[\"gallery\",{\"images\":[{\"fileName\":\"IMG_7814.JPG\",\"row\":0,\"width\":5472,\"height\":3648,\"src\":\"/content/images/2018/09/IMG_7814-2.JPG\"}]}],[\"gallery\",{\"images\":[{\"fileName\":\"IMG_7702.JPG\",\"row\":0,\"width\":5472,\"height\":3648,\"src\":\"/content/images/2018/09/IMG_7702-3.JPG\"},{\"fileName\":\"IMG_7786.JPG\",\"row\":0,\"width\":5472,\"height\":3648,\"src\":\"/content/images/2018/09/IMG_7786-2.JPG\"},{\"fileName\":\"IMG_7825.JPG\",\"row\":0,\"width\":5472,\"height\":3648,\"src\":\"/content/images/2018/09/IMG_7825-1.JPG\"},{\"fileName\":\"IMG_7833.JPG\",\"row\":1,\"width\":5472,\"height\":3648,\"src\":\"/content/images/2018/09/IMG_7833-1.JPG\"},{\"fileName\":\"IMG_7888.JPG\",\"row\":1,\"width\":5472,\"height\":3648,\"src\":\"/content/images/2018/09/IMG_7888-2.JPG\"}]}],[\"image\",{\"src\":\"/content/images/2018/09/IMG_7846.JPG\",\"cardWidth\":\"wide\"}],[\"gallery\",{\"images\":[{\"fileName\":\"IMG_7910.JPG\",\"row\":0,\"width\":5472,\"height\":3648,\"src\":\"/content/images/2018/09/IMG_7910-2.JPG\"},{\"fileName\":\"IMG_7940.JPG\",\"row\":0,\"width\":5472,\"height\":3648,\"src\":\"/content/images/2018/09/IMG_7940.JPG\"},{\"fileName\":\"IMG_8003.JPG\",\"row\":0,\"width\":5472,\"height\":3648,\"src\":\"/content/images/2018/09/IMG_8003.JPG\"},{\"fileName\":\"IMG_8017.JPG\",\"row\":1,\"width\":5472,\"height\":3648,\"src\":\"/content/images/2018/09/IMG_8017.JPG\"}]}],[\"image\",{\"src\":\"/content/images/2018/09/_MG_9911-1.JPG\",\"cardWidth\":\"wide\"}]],\"markups\":[],\"sections\":[[10,0],[10,1],[10,2],[10,3],[10,4],[1,\"p\",[]]]}','<figure class=\"kg-card kg-gallery-card kg-width-wide\"><div class=\"kg-gallery-container\"><div class=\"kg-gallery-row\"><div class=\"kg-gallery-image\"><img src=\"/content/images/2018/09/IMG_7814-2.JPG\" width=\"5472\" height=\"3648\"></div></div></div></figure><figure class=\"kg-card kg-gallery-card kg-width-wide\"><div class=\"kg-gallery-container\"><div class=\"kg-gallery-row\"><div class=\"kg-gallery-image\"><img src=\"/content/images/2018/09/IMG_7702-3.JPG\" width=\"5472\" height=\"3648\"></div><div class=\"kg-gallery-image\"><img src=\"/content/images/2018/09/IMG_7786-2.JPG\" width=\"5472\" height=\"3648\"></div><div class=\"kg-gallery-image\"><img src=\"/content/images/2018/09/IMG_7825-1.JPG\" width=\"5472\" height=\"3648\"></div></div><div class=\"kg-gallery-row\"><div class=\"kg-gallery-image\"><img src=\"/content/images/2018/09/IMG_7833-1.JPG\" width=\"5472\" height=\"3648\"></div><div class=\"kg-gallery-image\"><img src=\"/content/images/2018/09/IMG_7888-2.JPG\" width=\"5472\" height=\"3648\"></div></div></div></figure><figure class=\"kg-card kg-image-card kg-width-wide\"><img src=\"/content/images/2018/09/IMG_7846.JPG\" class=\"kg-image\"></figure><figure class=\"kg-card kg-gallery-card kg-width-wide\"><div class=\"kg-gallery-container\"><div class=\"kg-gallery-row\"><div class=\"kg-gallery-image\"><img src=\"/content/images/2018/09/IMG_7910-2.JPG\" width=\"5472\" height=\"3648\"></div><div class=\"kg-gallery-image\"><img src=\"/content/images/2018/09/IMG_7940.JPG\" width=\"5472\" height=\"3648\"></div></div><div class=\"kg-gallery-row\"><div class=\"kg-gallery-image\"><img src=\"/content/images/2018/09/IMG_8003.JPG\" width=\"5472\" height=\"3648\"></div><div class=\"kg-gallery-image\"><img src=\"/content/images/2018/09/IMG_8017.JPG\" width=\"5472\" height=\"3648\"></div></div></div></figure><figure class=\"kg-card kg-image-card kg-width-wide\"><img src=\"/content/images/2018/09/_MG_9911-1.JPG\" class=\"kg-image\"></figure>','5b9609161dd0766f74a20b9a','','/content/images/2018/09/IMG_7910-1.JPG',1,0,'published',NULL,'public',NULL,NULL,'1','2018-09-10 06:03:02','1','2018-09-11 14:47:41','1','2018-09-11 09:31:31','1',NULL,'','',NULL,NULL,NULL,NULL,NULL,NULL,NULL),('5b978c8d1dd0766f74a20ba1','d7137b8e-6b59-4d87-86f9-60e22adf0153','[Wedding] Non-editing photos - part III','wedding-photo-part-3','{\"version\":\"0.3.1\",\"atoms\":[],\"cards\":[[\"gallery\",{\"images\":[{\"fileName\":\"IMG_8024.JPG\",\"row\":0,\"width\":5472,\"height\":3648,\"src\":\"/content/images/2018/09/IMG_8024.JPG\"},{\"fileName\":\"IMG_8054.JPG\",\"row\":0,\"width\":5472,\"height\":3648,\"src\":\"/content/images/2018/09/IMG_8054.JPG\"},{\"fileName\":\"IMG_8055.JPG\",\"row\":0,\"width\":5472,\"height\":3648,\"src\":\"/content/images/2018/09/IMG_8055.JPG\"}]}],[\"image\",{\"src\":\"/content/images/2018/09/IMG_8056.JPG\",\"cardWidth\":\"wide\"}],[\"gallery\",{\"images\":[{\"fileName\":\"IMG_8064.JPG\",\"row\":0,\"width\":5472,\"height\":3648,\"src\":\"/content/images/2018/09/IMG_8064.JPG\"},{\"fileName\":\"IMG_8116.JPG\",\"row\":0,\"width\":5472,\"height\":3648,\"src\":\"/content/images/2018/09/IMG_8116-1.JPG\"},{\"fileName\":\"IMG_8142.JPG\",\"row\":0,\"width\":5472,\"height\":3648,\"src\":\"/content/images/2018/09/IMG_8142.JPG\"}]}],[\"image\",{\"src\":\"/content/images/2018/09/IMG_8157.JPG\",\"cardWidth\":\"wide\"}],[\"gallery\",{\"images\":[{\"fileName\":\"IMG_8154.JPG\",\"row\":0,\"width\":5472,\"height\":3648,\"src\":\"/content/images/2018/09/IMG_8154.JPG\"},{\"fileName\":\"IMG_8155.JPG\",\"row\":0,\"width\":5472,\"height\":3648,\"src\":\"/content/images/2018/09/IMG_8155.JPG\"},{\"fileName\":\"IMG_8156.JPG\",\"row\":0,\"width\":5472,\"height\":3648,\"src\":\"/content/images/2018/09/IMG_8156.JPG\"},{\"fileName\":\"IMG_8166.JPG\",\"row\":1,\"width\":5472,\"height\":3648,\"src\":\"/content/images/2018/09/IMG_8166.JPG\"},{\"fileName\":\"IMG_8173.JPG\",\"row\":1,\"width\":5472,\"height\":3648,\"src\":\"/content/images/2018/09/IMG_8173.JPG\"}]}],[\"gallery\",{\"images\":[{\"fileName\":\"IMG_8237.JPG\",\"row\":0,\"width\":5472,\"height\":3648,\"src\":\"/content/images/2018/09/IMG_8237.JPG\"},{\"fileName\":\"IMG_8241.JPG\",\"row\":0,\"width\":5472,\"height\":3648,\"src\":\"/content/images/2018/09/IMG_8241-1.JPG\"},{\"fileName\":\"IMG_8260.JPG\",\"row\":0,\"width\":5472,\"height\":3648,\"src\":\"/content/images/2018/09/IMG_8260.JPG\"}]}],[\"image\",{\"src\":\"/content/images/2018/09/IMG_8265.JPG\",\"cardWidth\":\"wide\"}],[\"gallery\",{\"images\":[{\"fileName\":\"IMG_8293.JPG\",\"row\":0,\"width\":5472,\"height\":3648,\"src\":\"/content/images/2018/09/IMG_8293.JPG\"},{\"fileName\":\"IMG_8314.JPG\",\"row\":0,\"width\":5472,\"height\":3648,\"src\":\"/content/images/2018/09/IMG_8314.JPG\"}]}]],\"markups\":[],\"sections\":[[10,0],[10,1],[10,2],[10,3],[10,4],[10,5],[10,6],[10,7],[1,\"p\",[]]]}','<figure class=\"kg-card kg-gallery-card kg-width-wide\"><div class=\"kg-gallery-container\"><div class=\"kg-gallery-row\"><div class=\"kg-gallery-image\"><img src=\"/content/images/2018/09/IMG_8024.JPG\" width=\"5472\" height=\"3648\"></div><div class=\"kg-gallery-image\"><img src=\"/content/images/2018/09/IMG_8054.JPG\" width=\"5472\" height=\"3648\"></div><div class=\"kg-gallery-image\"><img src=\"/content/images/2018/09/IMG_8055.JPG\" width=\"5472\" height=\"3648\"></div></div></div></figure><figure class=\"kg-card kg-image-card kg-width-wide\"><img src=\"/content/images/2018/09/IMG_8056.JPG\" class=\"kg-image\"></figure><figure class=\"kg-card kg-gallery-card kg-width-wide\"><div class=\"kg-gallery-container\"><div class=\"kg-gallery-row\"><div class=\"kg-gallery-image\"><img src=\"/content/images/2018/09/IMG_8064.JPG\" width=\"5472\" height=\"3648\"></div><div class=\"kg-gallery-image\"><img src=\"/content/images/2018/09/IMG_8116-1.JPG\" width=\"5472\" height=\"3648\"></div><div class=\"kg-gallery-image\"><img src=\"/content/images/2018/09/IMG_8142.JPG\" width=\"5472\" height=\"3648\"></div></div></div></figure><figure class=\"kg-card kg-image-card kg-width-wide\"><img src=\"/content/images/2018/09/IMG_8157.JPG\" class=\"kg-image\"></figure><figure class=\"kg-card kg-gallery-card kg-width-wide\"><div class=\"kg-gallery-container\"><div class=\"kg-gallery-row\"><div class=\"kg-gallery-image\"><img src=\"/content/images/2018/09/IMG_8154.JPG\" width=\"5472\" height=\"3648\"></div><div class=\"kg-gallery-image\"><img src=\"/content/images/2018/09/IMG_8155.JPG\" width=\"5472\" height=\"3648\"></div><div class=\"kg-gallery-image\"><img src=\"/content/images/2018/09/IMG_8156.JPG\" width=\"5472\" height=\"3648\"></div></div><div class=\"kg-gallery-row\"><div class=\"kg-gallery-image\"><img src=\"/content/images/2018/09/IMG_8166.JPG\" width=\"5472\" height=\"3648\"></div><div class=\"kg-gallery-image\"><img src=\"/content/images/2018/09/IMG_8173.JPG\" width=\"5472\" height=\"3648\"></div></div></div></figure><figure class=\"kg-card kg-gallery-card kg-width-wide\"><div class=\"kg-gallery-container\"><div class=\"kg-gallery-row\"><div class=\"kg-gallery-image\"><img src=\"/content/images/2018/09/IMG_8237.JPG\" width=\"5472\" height=\"3648\"></div><div class=\"kg-gallery-image\"><img src=\"/content/images/2018/09/IMG_8241-1.JPG\" width=\"5472\" height=\"3648\"></div><div class=\"kg-gallery-image\"><img src=\"/content/images/2018/09/IMG_8260.JPG\" width=\"5472\" height=\"3648\"></div></div></div></figure><figure class=\"kg-card kg-image-card kg-width-wide\"><img src=\"/content/images/2018/09/IMG_8265.JPG\" class=\"kg-image\"></figure><figure class=\"kg-card kg-gallery-card kg-width-wide\"><div class=\"kg-gallery-container\"><div class=\"kg-gallery-row\"><div class=\"kg-gallery-image\"><img src=\"/content/images/2018/09/IMG_8293.JPG\" width=\"5472\" height=\"3648\"></div><div class=\"kg-gallery-image\"><img src=\"/content/images/2018/09/IMG_8314.JPG\" width=\"5472\" height=\"3648\"></div></div></div></figure>','5b978c8d1dd0766f74a20ba1','','/content/images/2018/09/IMG_8116.JPG',0,0,'published',NULL,'public',NULL,NULL,'1','2018-09-11 09:36:13','1','2018-09-11 14:51:34','1','2018-09-11 09:43:26','1',NULL,'','',NULL,NULL,NULL,NULL,NULL,NULL,NULL),('5b978e571dd0766f74a20ba5','e83760b5-0356-44cf-95be-86c818a12793','[Wedding] Non-editing photos - part IV','wedding-photo-part-4','{\"version\":\"0.3.1\",\"atoms\":[],\"cards\":[[\"image\",{\"src\":\"/content/images/2018/09/IMG_8383-1.JPG\",\"cardWidth\":\"wide\"}],[\"gallery\",{\"images\":[{\"fileName\":\"IMG_8402.JPG\",\"row\":0,\"width\":5472,\"height\":3648,\"src\":\"/content/images/2018/09/IMG_8402.JPG\"},{\"fileName\":\"IMG_8418.JPG\",\"row\":0,\"width\":5472,\"height\":3648,\"src\":\"/content/images/2018/09/IMG_8418.JPG\"},{\"fileName\":\"IMG_8345.JPG\",\"row\":0,\"width\":5472,\"height\":3648,\"src\":\"/content/images/2018/09/IMG_8345.JPG\"},{\"fileName\":\"IMG_8348.JPG\",\"row\":1,\"width\":5472,\"height\":3648,\"src\":\"/content/images/2018/09/IMG_8348-1.JPG\"},{\"fileName\":\"IMG_8456.JPG\",\"row\":1,\"width\":5472,\"height\":3648,\"src\":\"/content/images/2018/09/IMG_8456.JPG\"},{\"fileName\":\"IMG_8430.JPG\",\"row\":1,\"width\":5472,\"height\":3648,\"src\":\"/content/images/2018/09/IMG_8430.JPG\"},{\"fileName\":\"IMG_8436.JPG\",\"row\":2,\"width\":5472,\"height\":3648,\"src\":\"/content/images/2018/09/IMG_8436.JPG\"}]}],[\"gallery\",{\"images\":[{\"fileName\":\"IMG_8444.JPG\",\"row\":0,\"width\":5472,\"height\":3648,\"src\":\"/content/images/2018/09/IMG_8444.JPG\"},{\"fileName\":\"IMG_8448.JPG\",\"row\":0,\"width\":5472,\"height\":3648,\"src\":\"/content/images/2018/09/IMG_8448.JPG\"},{\"fileName\":\"IMG_8449.JPG\",\"row\":0,\"width\":5472,\"height\":3648,\"src\":\"/content/images/2018/09/IMG_8449.JPG\"}]}],[\"image\",{\"src\":\"/content/images/2018/09/IMG_8512.JPG\",\"cardWidth\":\"wide\"}],[\"gallery\",{\"images\":[{\"fileName\":\"IMG_8480.JPG\",\"row\":0,\"width\":5472,\"height\":3648,\"src\":\"/content/images/2018/09/IMG_8480.JPG\"},{\"fileName\":\"IMG_8482.JPG\",\"row\":0,\"width\":5472,\"height\":3648,\"src\":\"/content/images/2018/09/IMG_8482.JPG\"},{\"fileName\":\"IMG_8506.JPG\",\"row\":0,\"width\":5472,\"height\":3648,\"src\":\"/content/images/2018/09/IMG_8506.JPG\"}]}],[\"gallery\",{\"images\":[{\"fileName\":\"IMG_8643.JPG\",\"row\":0,\"width\":5472,\"height\":3648,\"src\":\"/content/images/2018/09/IMG_8643.JPG\"},{\"fileName\":\"IMG_8644.JPG\",\"row\":0,\"width\":5472,\"height\":3648,\"src\":\"/content/images/2018/09/IMG_8644.JPG\"},{\"fileName\":\"IMG_8666.JPG\",\"row\":0,\"width\":5472,\"height\":3648,\"src\":\"/content/images/2018/09/IMG_8666.JPG\"}]}],[\"gallery\",{\"images\":[{\"fileName\":\"IMG_8669.JPG\",\"row\":0,\"width\":5472,\"height\":3648,\"src\":\"/content/images/2018/09/IMG_8669.JPG\"},{\"fileName\":\"IMG_8670.JPG\",\"row\":0,\"width\":5472,\"height\":3648,\"src\":\"/content/images/2018/09/IMG_8670.JPG\"},{\"fileName\":\"IMG_8681.JPG\",\"row\":0,\"width\":5472,\"height\":3648,\"src\":\"/content/images/2018/09/IMG_8681.JPG\"}]}],[\"image\",{\"src\":\"/content/images/2018/09/IMG_8600-1.JPG\",\"cardWidth\":\"wide\"}]],\"markups\":[],\"sections\":[[10,0],[10,1],[10,2],[10,3],[10,4],[10,5],[1,\"p\",[]],[10,6],[10,7]]}','<figure class=\"kg-card kg-image-card kg-width-wide\"><img src=\"/content/images/2018/09/IMG_8383-1.JPG\" class=\"kg-image\"></figure><figure class=\"kg-card kg-gallery-card kg-width-wide\"><div class=\"kg-gallery-container\"><div class=\"kg-gallery-row\"><div class=\"kg-gallery-image\"><img src=\"/content/images/2018/09/IMG_8402.JPG\" width=\"5472\" height=\"3648\"></div><div class=\"kg-gallery-image\"><img src=\"/content/images/2018/09/IMG_8418.JPG\" width=\"5472\" height=\"3648\"></div><div class=\"kg-gallery-image\"><img src=\"/content/images/2018/09/IMG_8345.JPG\" width=\"5472\" height=\"3648\"></div></div><div class=\"kg-gallery-row\"><div class=\"kg-gallery-image\"><img src=\"/content/images/2018/09/IMG_8348-1.JPG\" width=\"5472\" height=\"3648\"></div><div class=\"kg-gallery-image\"><img src=\"/content/images/2018/09/IMG_8456.JPG\" width=\"5472\" height=\"3648\"></div></div><div class=\"kg-gallery-row\"><div class=\"kg-gallery-image\"><img src=\"/content/images/2018/09/IMG_8430.JPG\" width=\"5472\" height=\"3648\"></div><div class=\"kg-gallery-image\"><img src=\"/content/images/2018/09/IMG_8436.JPG\" width=\"5472\" height=\"3648\"></div></div></div></figure><figure class=\"kg-card kg-gallery-card kg-width-wide\"><div class=\"kg-gallery-container\"><div class=\"kg-gallery-row\"><div class=\"kg-gallery-image\"><img src=\"/content/images/2018/09/IMG_8444.JPG\" width=\"5472\" height=\"3648\"></div><div class=\"kg-gallery-image\"><img src=\"/content/images/2018/09/IMG_8448.JPG\" width=\"5472\" height=\"3648\"></div><div class=\"kg-gallery-image\"><img src=\"/content/images/2018/09/IMG_8449.JPG\" width=\"5472\" height=\"3648\"></div></div></div></figure><figure class=\"kg-card kg-image-card kg-width-wide\"><img src=\"/content/images/2018/09/IMG_8512.JPG\" class=\"kg-image\"></figure><figure class=\"kg-card kg-gallery-card kg-width-wide\"><div class=\"kg-gallery-container\"><div class=\"kg-gallery-row\"><div class=\"kg-gallery-image\"><img src=\"/content/images/2018/09/IMG_8480.JPG\" width=\"5472\" height=\"3648\"></div><div class=\"kg-gallery-image\"><img src=\"/content/images/2018/09/IMG_8482.JPG\" width=\"5472\" height=\"3648\"></div><div class=\"kg-gallery-image\"><img src=\"/content/images/2018/09/IMG_8506.JPG\" width=\"5472\" height=\"3648\"></div></div></div></figure><figure class=\"kg-card kg-gallery-card kg-width-wide\"><div class=\"kg-gallery-container\"><div class=\"kg-gallery-row\"><div class=\"kg-gallery-image\"><img src=\"/content/images/2018/09/IMG_8643.JPG\" width=\"5472\" height=\"3648\"></div><div class=\"kg-gallery-image\"><img src=\"/content/images/2018/09/IMG_8644.JPG\" width=\"5472\" height=\"3648\"></div><div class=\"kg-gallery-image\"><img src=\"/content/images/2018/09/IMG_8666.JPG\" width=\"5472\" height=\"3648\"></div></div></div></figure><p></p><figure class=\"kg-card kg-gallery-card kg-width-wide\"><div class=\"kg-gallery-container\"><div class=\"kg-gallery-row\"><div class=\"kg-gallery-image\"><img src=\"/content/images/2018/09/IMG_8669.JPG\" width=\"5472\" height=\"3648\"></div><div class=\"kg-gallery-image\"><img src=\"/content/images/2018/09/IMG_8670.JPG\" width=\"5472\" height=\"3648\"></div><div class=\"kg-gallery-image\"><img src=\"/content/images/2018/09/IMG_8681.JPG\" width=\"5472\" height=\"3648\"></div></div></div></figure><figure class=\"kg-card kg-image-card kg-width-wide\"><img src=\"/content/images/2018/09/IMG_8600-1.JPG\" class=\"kg-image\"></figure>','5b978e571dd0766f74a20ba5','','/content/images/2018/09/IMG_8512-1.JPG',0,0,'published',NULL,'public',NULL,NULL,'1','2018-09-11 09:43:51','1','2018-09-11 15:02:32','1','2018-09-11 09:50:14','1',NULL,'','',NULL,NULL,NULL,NULL,NULL,NULL,NULL),('5ba98c761dd0766f74a20bab','4d815189-f4ca-426a-8a62-9e904a399fac','To Long - 16 hinh (including layout)','for-long','{\"version\":\"0.3.1\",\"atoms\":[],\"cards\":[[\"image\",{\"src\":\"/content/images/2018/09/42479355_243114936371852_3014002894924939264_n.png\",\"caption\":\"#01\"}],[\"image\",{\"src\":\"/content/images/2018/09/image-4.png\",\"caption\":\"#03\"}],[\"image\",{\"src\":\"/content/images/2018/09/42473034_342625036473972_1184465067278598144_n.png\",\"caption\":\"#04\"}],[\"image\",{\"src\":\"/content/images/2018/09/image-5.png\",\"caption\":\"#05\"}],[\"image\",{\"src\":\"/content/images/2018/09/42570352_1053846261462926_1871526965530329088_n.png\",\"caption\":\"#06\"}],[\"image\",{\"src\":\"/content/images/2018/09/42438085_2191764347772186_1696509053968056320_n.png\",\"caption\":\"#07\"}],[\"image\",{\"src\":\"/content/images/2018/09/42552780_1177740545706999_6665541612757581824_n.png\",\"caption\":\"#08\"}],[\"image\",{\"src\":\"/content/images/2018/09/image.png\",\"caption\":\"#09\"}],[\"image\",{\"src\":\"/content/images/2018/09/42504787_413227582542629_7132427239555072000_n.jpg\",\"caption\":\"#10\"}],[\"image\",{\"src\":\"/content/images/2018/09/42445887_2048294411867885_2141100428949979136_n-1.jpg\",\"caption\":\"#11\"}],[\"image\",{\"src\":\"/content/images/2018/09/image-2.png\",\"caption\":\"#12\"}],[\"image\",{\"src\":\"/content/images/2018/09/image-1.png\",\"caption\":\"#13\"}],[\"image\",{\"src\":\"/content/images/2018/09/42426822_285309805652381_3591414531512860672_n.jpg\",\"caption\":\"#14\"}],[\"image\",{\"src\":\"/content/images/2018/09/42438053_1824815527637096_1407479852553994240_n.jpg\",\"caption\":\"#15\"}],[\"image\",{\"src\":\"/content/images/2018/09/42412475_705019903190554_1532906607132803072_n.jpg\",\"caption\":\"#16\"}]],\"markups\":[],\"sections\":[[10,0],[10,1],[10,2],[10,3],[10,4],[10,5],[10,6],[10,7],[10,8],[10,9],[10,10],[10,11],[10,12],[10,13],[10,14],[1,\"p\",[]]]}','<figure class=\"kg-card kg-image-card\"><img src=\"/content/images/2018/09/42479355_243114936371852_3014002894924939264_n.png\" class=\"kg-image\"><figcaption>#01</figcaption></figure><figure class=\"kg-card kg-image-card\"><img src=\"/content/images/2018/09/image-4.png\" class=\"kg-image\"><figcaption>#03</figcaption></figure><figure class=\"kg-card kg-image-card\"><img src=\"/content/images/2018/09/42473034_342625036473972_1184465067278598144_n.png\" class=\"kg-image\"><figcaption>#04</figcaption></figure><figure class=\"kg-card kg-image-card\"><img src=\"/content/images/2018/09/image-5.png\" class=\"kg-image\"><figcaption>#05</figcaption></figure><figure class=\"kg-card kg-image-card\"><img src=\"/content/images/2018/09/42570352_1053846261462926_1871526965530329088_n.png\" class=\"kg-image\"><figcaption>#06</figcaption></figure><figure class=\"kg-card kg-image-card\"><img src=\"/content/images/2018/09/42438085_2191764347772186_1696509053968056320_n.png\" class=\"kg-image\"><figcaption>#07</figcaption></figure><figure class=\"kg-card kg-image-card\"><img src=\"/content/images/2018/09/42552780_1177740545706999_6665541612757581824_n.png\" class=\"kg-image\"><figcaption>#08</figcaption></figure><figure class=\"kg-card kg-image-card\"><img src=\"/content/images/2018/09/image.png\" class=\"kg-image\"><figcaption>#09</figcaption></figure><figure class=\"kg-card kg-image-card\"><img src=\"/content/images/2018/09/42504787_413227582542629_7132427239555072000_n.jpg\" class=\"kg-image\"><figcaption>#10</figcaption></figure><figure class=\"kg-card kg-image-card\"><img src=\"/content/images/2018/09/42445887_2048294411867885_2141100428949979136_n-1.jpg\" class=\"kg-image\"><figcaption>#11</figcaption></figure><figure class=\"kg-card kg-image-card\"><img src=\"/content/images/2018/09/image-2.png\" class=\"kg-image\"><figcaption>#12</figcaption></figure><figure class=\"kg-card kg-image-card\"><img src=\"/content/images/2018/09/image-1.png\" class=\"kg-image\"><figcaption>#13</figcaption></figure><figure class=\"kg-card kg-image-card\"><img src=\"/content/images/2018/09/42426822_285309805652381_3591414531512860672_n.jpg\" class=\"kg-image\"><figcaption>#14</figcaption></figure><figure class=\"kg-card kg-image-card\"><img src=\"/content/images/2018/09/42438053_1824815527637096_1407479852553994240_n.jpg\" class=\"kg-image\"><figcaption>#15</figcaption></figure><figure class=\"kg-card kg-image-card\"><img src=\"/content/images/2018/09/42412475_705019903190554_1532906607132803072_n.jpg\" class=\"kg-image\"><figcaption>#16</figcaption></figure>','5ba98c761dd0766f74a20bab','#01#03#04#05#06#07#08#09#10#11#12#13#14#15#16',NULL,0,0,'draft',NULL,'public',NULL,NULL,'1','2018-09-25 01:16:38','1','2018-09-25 04:19:14','1','2018-09-25 01:29:30','1',NULL,'','',NULL,NULL,NULL,NULL,NULL,NULL,NULL);
/*!40000 ALTER TABLE `posts` ENABLE KEYS */;
UNLOCK TABLES;

--
-- Table structure for table `posts_authors`
--

DROP TABLE IF EXISTS `posts_authors`;
/*!40101 SET @saved_cs_client     = @@character_set_client */;
/*!40101 SET character_set_client = utf8 */;
CREATE TABLE `posts_authors` (
  `id` varchar(24) NOT NULL,
  `post_id` varchar(24) NOT NULL,
  `author_id` varchar(24) NOT NULL,
  `sort_order` int(10) unsigned NOT NULL DEFAULT '0',
  PRIMARY KEY (`id`),
  KEY `posts_authors_post_id_foreign` (`post_id`),
  KEY `posts_authors_author_id_foreign` (`author_id`),
  CONSTRAINT `posts_authors_author_id_foreign` FOREIGN KEY (`author_id`) REFERENCES `users` (`id`),
  CONSTRAINT `posts_authors_post_id_foreign` FOREIGN KEY (`post_id`) REFERENCES `posts` (`id`)
) ENGINE=InnoDB DEFAULT CHARSET=utf8mb4;
/*!40101 SET character_set_client = @saved_cs_client */;

--
-- Dumping data for table `posts_authors`
--

LOCK TABLES `posts_authors` WRITE;
/*!40000 ALTER TABLE `posts_authors` DISABLE KEYS */;
INSERT INTO `posts_authors` VALUES ('5b9371b52271212b255a2e71','5b9371b52271212b255a2e70','1',0),('5b93ca4b2271212b255a2e75','5b93ca4b2271212b255a2e74','1',0),('5b95e4651dd0766f74a20b98','5b95e4651dd0766f74a20b97','1',0),('5b9609161dd0766f74a20b9b','5b9609161dd0766f74a20b9a','1',0),('5b978c8d1dd0766f74a20ba2','5b978c8d1dd0766f74a20ba1','1',0),('5b978e571dd0766f74a20ba6','5b978e571dd0766f74a20ba5','1',0),('5ba98c761dd0766f74a20bac','5ba98c761dd0766f74a20bab','1',0);
/*!40000 ALTER TABLE `posts_authors` ENABLE KEYS */;
UNLOCK TABLES;

--
-- Table structure for table `posts_tags`
--

DROP TABLE IF EXISTS `posts_tags`;
/*!40101 SET @saved_cs_client     = @@character_set_client */;
/*!40101 SET character_set_client = utf8 */;
CREATE TABLE `posts_tags` (
  `id` varchar(24) NOT NULL,
  `post_id` varchar(24) NOT NULL,
  `tag_id` varchar(24) NOT NULL,
  `sort_order` int(10) unsigned NOT NULL DEFAULT '0',
  PRIMARY KEY (`id`),
  KEY `posts_tags_post_id_foreign` (`post_id`),
  KEY `posts_tags_tag_id_foreign` (`tag_id`),
  CONSTRAINT `posts_tags_post_id_foreign` FOREIGN KEY (`post_id`) REFERENCES `posts` (`id`),
  CONSTRAINT `posts_tags_tag_id_foreign` FOREIGN KEY (`tag_id`) REFERENCES `tags` (`id`)
) ENGINE=InnoDB DEFAULT CHARSET=utf8mb4;
/*!40101 SET character_set_client = @saved_cs_client */;

--
-- Dumping data for table `posts_tags`
--

LOCK TABLES `posts_tags` WRITE;
/*!40000 ALTER TABLE `posts_tags` DISABLE KEYS */;
INSERT INTO `posts_tags` VALUES ('5b93f7202271212b255a2e7b','5b93ca4b2271212b255a2e74','5b93f7202271212b255a2e79',0),('5b93f7202271212b255a2e7c','5b93ca4b2271212b255a2e74','5b93f7202271212b255a2e7a',1),('5b978b691dd0766f74a20b9f','5b9609161dd0766f74a20b9a','5b93f7202271212b255a2e7a',0),('5b978b691dd0766f74a20ba0','5b9609161dd0766f74a20b9a','5b93f7202271212b255a2e79',1),('5b978cda1dd0766f74a20ba3','5b978c8d1dd0766f74a20ba1','5b93f7202271212b255a2e7a',0),('5b978cda1dd0766f74a20ba4','5b978c8d1dd0766f74a20ba1','5b93f7202271212b255a2e79',1),('5b978e911dd0766f74a20ba7','5b978e571dd0766f74a20ba5','5b93f7202271212b255a2e7a',0),('5b978e911dd0766f74a20ba8','5b978e571dd0766f74a20ba5','5b93f7202271212b255a2e79',1);
/*!40000 ALTER TABLE `posts_tags` ENABLE KEYS */;
UNLOCK TABLES;

--
-- Table structure for table `refreshtokens`
--

DROP TABLE IF EXISTS `refreshtokens`;
/*!40101 SET @saved_cs_client     = @@character_set_client */;
/*!40101 SET character_set_client = utf8 */;
CREATE TABLE `refreshtokens` (
  `id` varchar(24) NOT NULL,
  `token` varchar(191) NOT NULL,
  `user_id` varchar(24) NOT NULL,
  `client_id` varchar(24) NOT NULL,
  `expires` bigint(20) NOT NULL,
  PRIMARY KEY (`id`),
  UNIQUE KEY `refreshtokens_token_unique` (`token`),
  KEY `refreshtokens_user_id_foreign` (`user_id`),
  KEY `refreshtokens_client_id_foreign` (`client_id`),
  CONSTRAINT `refreshtokens_client_id_foreign` FOREIGN KEY (`client_id`) REFERENCES `clients` (`id`),
  CONSTRAINT `refreshtokens_user_id_foreign` FOREIGN KEY (`user_id`) REFERENCES `users` (`id`)
) ENGINE=InnoDB DEFAULT CHARSET=utf8mb4;
/*!40101 SET character_set_client = @saved_cs_client */;

--
-- Dumping data for table `refreshtokens`
--

LOCK TABLES `refreshtokens` WRITE;
/*!40000 ALTER TABLE `refreshtokens` DISABLE KEYS */;
INSERT INTO `refreshtokens` VALUES ('5b92bc092271212b255a2e61','fLVDjhNkQhjz7UAfLKr7wfIp0lkxGZKLcbWaki8n35xXMhbUsbsenGOC8dm6kDAPBdkWYGKYfrkEQdma4TyUT3JZXKVoRAC1TF0GDT2j96BMz52OYxrFb0E9u2h6qhmZtjJLkz4F5HgjfrfT4KP6nqFS1mH9shZFC10F8BoUcbZtHbNKv30XdI4zXJlnlj1','1','5b92a82c81e399199df622e7',1552189518522),('5b9369ed2271212b255a2e69','uJXJ0Bsi5nFNiYNZemJAoBLPwvtyqb7vD0HFjujTgNLgvrxF5h7sKtWl3UlOirN2fN5DAgdufmdiqWbE4eQdzXww1uMdnosB7kmLP05bWsYkAc8qePb1FDxM6wJzlMuaYiHnG4pEq0cyhJNLNPfQwsb3BsMp03ZUZNUlMM7fsH71ZMpeb9DFSQbakfUJyNb','1','5b92a82c81e399199df622e7',1552271875959),('5b936e842271212b255a2e6c','SaJcuw8RH9YKVdwPe3mXNGKpNtbNaKGvYblMFaUP9InQY1HgK0NT3eo7jwHrDSWjp9OvTYDkAlQedef7CNlZGmHml9r01aRW1IDD7z4rgLd3d66UzTOGw6ui9lfGZMp8z95SMRpQZPdPnYPuQtiyE1NfHJne1ongNA9E30WCnIsryuxLhorjxX9vl9SlMGu','1','5b92a82c81e399199df622e7',1555873827465),('5b93f32c2271212b255a2e77','7A63BP4l6SSno8hQ4OfKYCPoGieTPhstqg5AHmqeDdKP7ZaLzwYjnx3vMt0WOrXQxMRpljLj4sVvBK6IcyYMGG93YlO2yZuhSyDwpkBlS8bn65CGC7z8Oyqs5ciqyl68McpatwgQLmTUtYu7HPwfaCE3UVvPVhauTnlyJ5HD3adZCRoJpT0RCfy3KEd5Dev','1','5b92a82c81e399199df622e7',1553606188311),('5b97897f1dd0766f74a20b9d','PeHal6QKR54uJNV1m8shOU5Ipr6LNSq6zSGKSO9SgyWjd1RRLV7W13316IyPwbqs7BjUpmfYq0ml6GOXF9aNcNMhNfZOmyzAhoNIV0j2VOE1daPdPfgCkZp2QslsGLVLlkXVTL3gvhdk6TYtRq4Q7tdlA4mNUaqTMc9lpreCtWjDX1BuYuDknGAwaL0GYSn','1','5b92a82c81e399199df622e7',1552425791765),('5bd480e09263f77c9da3d952','GXt9I3GgjquEk9z9zljdDke0byCmwlgDXmTVwGgGj2SgM8BGvnEIxmMrm1PWXanhNMrVGhp8tNC8urAbh0eNSacDIibMcScpLjqiBCLfyx2d6Y1ELzyc3D98f0GRmzEZk2Xx9SwHRFDpKM2O9KkQdSPHrmSK8WHJh9oDmHEnVhLGSUjpbv92vrZXfKSvdE2','1','5b92a82c81e399199df622e7',1556421280701);
/*!40000 ALTER TABLE `refreshtokens` ENABLE KEYS */;
UNLOCK TABLES;

--
-- Table structure for table `roles`
--

DROP TABLE IF EXISTS `roles`;
/*!40101 SET @saved_cs_client     = @@character_set_client */;
/*!40101 SET character_set_client = utf8 */;
CREATE TABLE `roles` (
  `id` varchar(24) NOT NULL,
  `name` varchar(50) NOT NULL,
  `description` varchar(2000) DEFAULT NULL,
  `created_at` datetime NOT NULL,
  `created_by` varchar(24) NOT NULL,
  `updated_at` datetime DEFAULT NULL,
  `updated_by` varchar(24) DEFAULT NULL,
  PRIMARY KEY (`id`),
  UNIQUE KEY `roles_name_unique` (`name`)
) ENGINE=InnoDB DEFAULT CHARSET=utf8mb4;
/*!40101 SET character_set_client = @saved_cs_client */;

--
-- Dumping data for table `roles`
--

LOCK TABLES `roles` WRITE;
/*!40000 ALTER TABLE `roles` DISABLE KEYS */;
INSERT INTO `roles` VALUES ('5b92a82c81e399199df622eb','Administrator','Administrators','2018-09-07 16:32:44','1','2018-09-07 16:32:44','1'),('5b92a82c81e399199df622ec','Editor','Editors','2018-09-07 16:32:44','1','2018-09-07 16:32:44','1'),('5b92a82c81e399199df622ed','Author','Authors','2018-09-07 16:32:44','1','2018-09-07 16:32:44','1'),('5b92a82c81e399199df622ee','Contributor','Contributors','2018-09-07 16:32:44','1','2018-09-07 16:32:44','1'),('5b92a82c81e399199df622ef','Owner','Blog Owner','2018-09-07 16:32:44','1','2018-09-07 16:32:44','1');
/*!40000 ALTER TABLE `roles` ENABLE KEYS */;
UNLOCK TABLES;

--
-- Table structure for table `roles_users`
--

DROP TABLE IF EXISTS `roles_users`;
/*!40101 SET @saved_cs_client     = @@character_set_client */;
/*!40101 SET character_set_client = utf8 */;
CREATE TABLE `roles_users` (
  `id` varchar(24) NOT NULL,
  `role_id` varchar(24) NOT NULL,
  `user_id` varchar(24) NOT NULL,
  PRIMARY KEY (`id`)
) ENGINE=InnoDB DEFAULT CHARSET=utf8mb4;
/*!40101 SET character_set_client = @saved_cs_client */;

--
-- Dumping data for table `roles_users`
--

LOCK TABLES `roles_users` WRITE;
/*!40000 ALTER TABLE `roles_users` DISABLE KEYS */;
INSERT INTO `roles_users` VALUES ('5b92a82d81e399199df62325','5b92a82c81e399199df622ed','5951f5fca366002ebd5dbef7'),('5b92a82d81e399199df623b5','5b92a82c81e399199df622ef','1');
/*!40000 ALTER TABLE `roles_users` ENABLE KEYS */;
UNLOCK TABLES;

--
-- Table structure for table `settings`
--

DROP TABLE IF EXISTS `settings`;
/*!40101 SET @saved_cs_client     = @@character_set_client */;
/*!40101 SET character_set_client = utf8 */;
CREATE TABLE `settings` (
  `id` varchar(24) NOT NULL,
  `key` varchar(50) NOT NULL,
  `value` text,
  `type` varchar(50) NOT NULL DEFAULT 'core',
  `created_at` datetime NOT NULL,
  `created_by` varchar(24) NOT NULL,
  `updated_at` datetime DEFAULT NULL,
  `updated_by` varchar(24) DEFAULT NULL,
  PRIMARY KEY (`id`),
  UNIQUE KEY `settings_key_unique` (`key`)
) ENGINE=InnoDB DEFAULT CHARSET=utf8mb4;
/*!40101 SET character_set_client = @saved_cs_client */;

--
-- Dumping data for table `settings`
--

LOCK TABLES `settings` WRITE;
/*!40000 ALTER TABLE `settings` DISABLE KEYS */;
INSERT INTO `settings` VALUES ('5b92a82e81e399199df623b6','db_hash','3ec312a3-3e4f-4c21-991f-dcce6bf94492','core','2018-09-07 16:32:46','1','2018-09-07 16:32:46','1'),('5b92a82e81e399199df623b7','next_update_check','1540739681','core','2018-09-07 16:32:46','1','2018-10-27 15:14:41','1'),('5b92a82e81e399199df623b8','notifications','[{\"dismissible\":true,\"location\":\"bottom\",\"status\":\"alert\",\"id\":\"78f68f60-d612-11e8-8ba0-5d044c38da8a\",\"custom\":false,\"createdAt\":\"2018-10-22T14:52:26.000Z\",\"type\":\"info\",\"top\":false,\"message\":\"Ghost <a href=\\\"https://github.com/TryGhost/Ghost/releases\\\">2.3.0</a> has been released, <a href=\\\"https://docs.ghost.org/docs/upgrade\\\">click here</a> to upgrade.\",\"seen\":false,\"addedAt\":\"2018-10-23T17:23:24.777Z\"}]','core','2018-09-07 16:32:46','1','2018-10-23 17:23:24','1'),('5b92a82e81e399199df623b9','title','Gau Bung Bu','blog','2018-09-07 16:32:46','1','2018-09-11 15:10:01','1'),('5b92a82e81e399199df623ba','description','Thoughts, stories and ideas.','blog','2018-09-07 16:32:46','1','2018-09-07 17:57:29','1'),('5b92a82e81e399199df623bb','logo','/content/images/2018/09/Creative-Tail-Animal-bear-2.png','blog','2018-09-07 16:32:46','1','2018-09-07 18:04:13','1'),('5b92a82e81e399199df623bc','cover_image','https://casper.ghost.org/v1.0.0/images/blog-cover.jpg','blog','2018-09-07 16:32:46','1','2018-09-07 16:32:46','1'),('5b92a82e81e399199df623bd','icon','/content/images/2018/09/Creative-Tail-Animal-bear-1.png','blog','2018-09-07 16:32:46','1','2018-09-07 18:04:13','1'),('5b92a82e81e399199df623be','default_locale','en','blog','2018-09-07 16:32:46','1','2018-09-07 16:32:46','1'),('5b92a82e81e399199df623bf','active_timezone','Asia/Bangkok','blog','2018-09-07 16:32:46','1','2018-09-07 18:04:51','1'),('5b92a82e81e399199df623c0','force_i18n','true','blog','2018-09-07 16:32:46','1','2018-09-07 16:32:46','1'),('5b92a82e81e399199df623c1','permalinks','/:slug/','blog','2018-09-07 16:32:46','1','2018-09-07 16:32:46','1'),('5b92a82e81e399199df623c2','amp','true','blog','2018-09-07 16:32:46','1','2018-09-07 16:32:46','1'),('5b92a82e81e399199df623c3','ghost_head','','blog','2018-09-07 16:32:46','1','2018-09-07 16:32:46','1'),('5b92a82e81e399199df623c4','ghost_foot','','blog','2018-09-07 16:32:46','1','2018-09-07 16:32:46','1'),('5b92a82e81e399199df623c5','facebook','tintran253','blog','2018-09-07 16:32:46','1','2018-09-07 18:05:46','1'),('5b92a82e81e399199df623c6','twitter','@tintran253','blog','2018-09-07 16:32:46','1','2018-09-07 18:05:46','1'),('5b92a82e81e399199df623c7','labs','{\"publicAPI\":true,\"subscribers\":true}','blog','2018-09-07 16:32:46','1','2018-09-07 18:06:25','1'),('5b92a82e81e399199df623c8','navigation','[{\"label\":\"Home\",\"url\":\"/\"},{\"label\":\"Photo\",\"url\":\"/tag/photo/\"}]','blog','2018-09-07 16:32:46','1','2018-09-08 17:11:21','1'),('5b92a82e81e399199df623c9','slack','[]','blog','2018-09-07 16:32:46','1','2018-09-07 18:00:51','1'),('5b92a82e81e399199df623ca','unsplash','{\"isActive\":true}','blog','2018-09-07 16:32:46','1','2018-09-07 18:00:51','1'),('5b92a82e81e399199df623cb','active_theme','casper','theme','2018-09-07 16:32:46','1','2018-09-07 16:32:46','1'),('5b92a82e81e399199df623cc','active_apps','[]','app','2018-09-07 16:32:46','1','2018-09-07 16:32:46','1'),('5b92a82e81e399199df623cd','installed_apps','[]','app','2018-09-07 16:32:46','1','2018-09-07 16:32:46','1'),('5b92a82e81e399199df623ce','is_private','false','private','2018-09-07 16:32:46','1','2018-09-07 16:32:46','1'),('5b92a82e81e399199df623cf','password','','private','2018-09-07 16:32:46','1','2018-09-07 16:32:46','1'),('5b92a82e81e399199df623d0','public_hash','eea449bbcbfc626470ec5f4ce3e182','private','2018-09-07 16:32:46','1','2018-09-07 16:32:46','1');
/*!40000 ALTER TABLE `settings` ENABLE KEYS */;
UNLOCK TABLES;

--
-- Table structure for table `subscribers`
--

DROP TABLE IF EXISTS `subscribers`;
/*!40101 SET @saved_cs_client     = @@character_set_client */;
/*!40101 SET character_set_client = utf8 */;
CREATE TABLE `subscribers` (
  `id` varchar(24) NOT NULL,
  `name` varchar(191) DEFAULT NULL,
  `email` varchar(191) NOT NULL,
  `status` varchar(50) NOT NULL DEFAULT 'pending',
  `post_id` varchar(24) DEFAULT NULL,
  `subscribed_url` varchar(2000) DEFAULT NULL,
  `subscribed_referrer` varchar(2000) DEFAULT NULL,
  `unsubscribed_url` varchar(2000) DEFAULT NULL,
  `unsubscribed_at` datetime DEFAULT NULL,
  `created_at` datetime NOT NULL,
  `created_by` varchar(24) NOT NULL,
  `updated_at` datetime DEFAULT NULL,
  `updated_by` varchar(24) DEFAULT NULL,
  PRIMARY KEY (`id`),
  UNIQUE KEY `subscribers_email_unique` (`email`)
) ENGINE=InnoDB DEFAULT CHARSET=utf8mb4;
/*!40101 SET character_set_client = @saved_cs_client */;

--
-- Dumping data for table `subscribers`
--

LOCK TABLES `subscribers` WRITE;
/*!40000 ALTER TABLE `subscribers` DISABLE KEYS */;
INSERT INTO `subscribers` VALUES ('5bb7a9341dd0766f74a20bb5',NULL,'brodyradenbaugh@gmail.com','subscribed',NULL,'','',NULL,NULL,'2018-10-05 18:11:00','5bb7a9341dd0766f74a20bb5','2018-10-05 18:11:00','5bb7a9341dd0766f74a20bb5'),('5bb7c0711dd0766f74a20bb6',NULL,'alexis.galane@gmail.com','subscribed',NULL,'','',NULL,NULL,'2018-10-05 19:50:09','5bb7c0711dd0766f74a20bb6','2018-10-05 19:50:09','5bb7c0711dd0766f74a20bb6'),('5bb7ec481dd0766f74a20bb7',NULL,'isidoreweeks@gmail.com','subscribed',NULL,'','',NULL,NULL,'2018-10-05 22:57:12','5bb7ec481dd0766f74a20bb7','2018-10-05 22:57:12','5bb7ec481dd0766f74a20bb7'),('5bb7eee81dd0766f74a20bb8',NULL,'lindawanner43@gmail.com','subscribed',NULL,'','',NULL,NULL,'2018-10-05 23:08:24','5bb7eee81dd0766f74a20bb8','2018-10-05 23:08:24','5bb7eee81dd0766f74a20bb8'),('5bb889741dd0766f74a20bb9',NULL,'mindy745@gmail.com','subscribed',NULL,'','',NULL,NULL,'2018-10-06 10:07:48','5bb889741dd0766f74a20bb9','2018-10-06 10:07:48','5bb889741dd0766f74a20bb9'),('5bb8fca49263f77c9da3d776',NULL,'pannick72@gmail.com','subscribed',NULL,'','',NULL,NULL,'2018-10-06 18:19:16','5bb8fca49263f77c9da3d776','2018-10-06 18:19:16','5bb8fca49263f77c9da3d776'),('5bb964269263f77c9da3d777',NULL,'marthajeano@gmail.com','subscribed',NULL,'','',NULL,NULL,'2018-10-07 01:40:54','5bb964269263f77c9da3d777','2018-10-07 01:40:54','5bb964269263f77c9da3d777'),('5bb9bf7f9263f77c9da3d778',NULL,'gracequeky@gmail.com','subscribed',NULL,'','',NULL,NULL,'2018-10-07 08:10:39','5bb9bf7f9263f77c9da3d778','2018-10-07 08:10:39','5bb9bf7f9263f77c9da3d778'),('5bba6c149263f77c9da3d779',NULL,'phamthivinh933@gmail.com','subscribed',NULL,'','',NULL,NULL,'2018-10-07 20:27:00','5bba6c149263f77c9da3d779','2018-10-07 20:27:00','5bba6c149263f77c9da3d779'),('5bbab0d29263f77c9da3d77a',NULL,'gloria.perine@yahoo.com','subscribed',NULL,'','',NULL,NULL,'2018-10-08 01:20:18','5bbab0d29263f77c9da3d77a','2018-10-08 01:20:18','5bbab0d29263f77c9da3d77a'),('5bbb21839263f77c9da3d77b',NULL,'wariokid51@gmail.com','subscribed',NULL,'','',NULL,NULL,'2018-10-08 09:21:07','5bbb21839263f77c9da3d77b','2018-10-08 09:21:07','5bbb21839263f77c9da3d77b'),('5bbb49aa9263f77c9da3d77c',NULL,'erfwerf444@yahoo.com','subscribed',NULL,'','',NULL,NULL,'2018-10-08 12:12:26','5bbb49aa9263f77c9da3d77c','2018-10-08 12:12:26','5bbb49aa9263f77c9da3d77c'),('5bbb51e19263f77c9da3d77d',NULL,'scottpatrickschmitt@gmail.com','subscribed',NULL,'','',NULL,NULL,'2018-10-08 12:47:29','5bbb51e19263f77c9da3d77d','2018-10-08 12:47:29','5bbb51e19263f77c9da3d77d'),('5bc14f7a9263f77c9da3d783',NULL,'cherolong2@yahoo.com','subscribed',NULL,'','',NULL,NULL,'2018-10-13 01:50:50','5bc14f7a9263f77c9da3d783','2018-10-13 01:50:50','5bc14f7a9263f77c9da3d783'),('5bc15fec9263f77c9da3d784',NULL,'anuto4ka128@gmail.com','subscribed',NULL,'','',NULL,NULL,'2018-10-13 03:01:00','5bc15fec9263f77c9da3d784','2018-10-13 03:01:00','5bc15fec9263f77c9da3d784'),('5bc161789263f77c9da3d785',NULL,'kazzadalla@googlemail.com','subscribed',NULL,'','',NULL,NULL,'2018-10-13 03:07:36','5bc161789263f77c9da3d785','2018-10-13 03:07:36','5bc161789263f77c9da3d785'),('5bc177ff9263f77c9da3d786',NULL,'mstemarie@tcs83.ca','subscribed',NULL,'','',NULL,NULL,'2018-10-13 04:43:43','5bc177ff9263f77c9da3d786','2018-10-13 04:43:43','5bc177ff9263f77c9da3d786'),('5bc180dc9263f77c9da3d787',NULL,'dchooks621@aol.com','subscribed',NULL,'','',NULL,NULL,'2018-10-13 05:21:32','5bc180dc9263f77c9da3d787','2018-10-13 05:21:32','5bc180dc9263f77c9da3d787'),('5bc18b1c9263f77c9da3d788',NULL,'durhamuph@aol.com','subscribed',NULL,'','',NULL,NULL,'2018-10-13 06:05:16','5bc18b1c9263f77c9da3d788','2018-10-13 06:05:16','5bc18b1c9263f77c9da3d788'),('5bc18b7d9263f77c9da3d789',NULL,'ndevan12@aol.com','subscribed',NULL,'','',NULL,NULL,'2018-10-13 06:06:53','5bc18b7d9263f77c9da3d789','2018-10-13 06:06:53','5bc18b7d9263f77c9da3d789'),('5bc1b92f9263f77c9da3d78a',NULL,'happykill2222@gmail.com','subscribed',NULL,'','',NULL,NULL,'2018-10-13 09:21:51','5bc1b92f9263f77c9da3d78a','2018-10-13 09:21:51','5bc1b92f9263f77c9da3d78a'),('5bc1ba129263f77c9da3d78b',NULL,'libertydorothy@aol.com','subscribed',NULL,'','',NULL,NULL,'2018-10-13 09:25:38','5bc1ba129263f77c9da3d78b','2018-10-13 09:25:38','5bc1ba129263f77c9da3d78b'),('5bc1dac69263f77c9da3d78c',NULL,'djjcanada57@gmail.com','subscribed',NULL,'','',NULL,NULL,'2018-10-13 11:45:10','5bc1dac69263f77c9da3d78c','2018-10-13 11:45:10','5bc1dac69263f77c9da3d78c'),('5bc1f3739263f77c9da3d78d',NULL,'aussiedivegirl@gmail.com','subscribed',NULL,'','',NULL,NULL,'2018-10-13 13:30:27','5bc1f3739263f77c9da3d78d','2018-10-13 13:30:27','5bc1f3739263f77c9da3d78d'),('5bc1f5519263f77c9da3d78e',NULL,'dadetosoye@ahusc.net','subscribed',NULL,'','',NULL,NULL,'2018-10-13 13:38:25','5bc1f5519263f77c9da3d78e','2018-10-13 13:38:25','5bc1f5519263f77c9da3d78e'),('5bc1f8d99263f77c9da3d78f',NULL,'tinemainoya@yahoo.com','subscribed',NULL,'','',NULL,NULL,'2018-10-13 13:53:29','5bc1f8d99263f77c9da3d78f','2018-10-13 13:53:29','5bc1f8d99263f77c9da3d78f'),('5bc2089e9263f77c9da3d790',NULL,'flapjacksbarrie@gmail.com','subscribed',NULL,'','',NULL,NULL,'2018-10-13 15:00:46','5bc2089e9263f77c9da3d790','2018-10-13 15:00:46','5bc2089e9263f77c9da3d790'),('5bc20a3c9263f77c9da3d791',NULL,'rwyborny@cox.net','subscribed',NULL,'','',NULL,NULL,'2018-10-13 15:07:40','5bc20a3c9263f77c9da3d791','2018-10-13 15:07:40','5bc20a3c9263f77c9da3d791'),('5bc20eb59263f77c9da3d792',NULL,'cathy.casutt@gmail.com','subscribed',NULL,'','',NULL,NULL,'2018-10-13 15:26:45','5bc20eb59263f77c9da3d792','2018-10-13 15:26:45','5bc20eb59263f77c9da3d792'),('5bc215dc9263f77c9da3d793',NULL,'jamilsyr1@bex.net','subscribed',NULL,'','',NULL,NULL,'2018-10-13 15:57:16','5bc215dc9263f77c9da3d793','2018-10-13 15:57:16','5bc215dc9263f77c9da3d793'),('5bc219829263f77c9da3d794',NULL,'ws1070@gmail.com','subscribed',NULL,'','',NULL,NULL,'2018-10-13 16:12:50','5bc219829263f77c9da3d794','2018-10-13 16:12:50','5bc219829263f77c9da3d794'),('5bc21f349263f77c9da3d795',NULL,'justanothernguyen@gmail.com','subscribed',NULL,'','',NULL,NULL,'2018-10-13 16:37:08','5bc21f349263f77c9da3d795','2018-10-13 16:37:08','5bc21f349263f77c9da3d795'),('5bc2227e9263f77c9da3d796',NULL,'skyjammer9804@yahoo.com','subscribed',NULL,'','',NULL,NULL,'2018-10-13 16:51:10','5bc2227e9263f77c9da3d796','2018-10-13 16:51:10','5bc2227e9263f77c9da3d796'),('5bc22ca19263f77c9da3d797',NULL,'smithdawgs89@yahoo.com','subscribed',NULL,'','',NULL,NULL,'2018-10-13 17:34:25','5bc22ca19263f77c9da3d797','2018-10-13 17:34:25','5bc22ca19263f77c9da3d797'),('5bc248469263f77c9da3d798',NULL,'shortay_d@yahoo.com','subscribed',NULL,'','',NULL,NULL,'2018-10-13 19:32:22','5bc248469263f77c9da3d798','2018-10-13 19:32:22','5bc248469263f77c9da3d798'),('5bc24d239263f77c9da3d799',NULL,'garyzman@aol.com','subscribed',NULL,'','',NULL,NULL,'2018-10-13 19:53:07','5bc24d239263f77c9da3d799','2018-10-13 19:53:07','5bc24d239263f77c9da3d799'),('5bc26c8e9263f77c9da3d79a',NULL,'jose.garcia@flycsa.com','subscribed',NULL,'','',NULL,NULL,'2018-10-13 22:07:10','5bc26c8e9263f77c9da3d79a','2018-10-13 22:07:10','5bc26c8e9263f77c9da3d79a'),('5bc274f59263f77c9da3d79b',NULL,'matthew.jackson80@yahoo.com','subscribed',NULL,'','',NULL,NULL,'2018-10-13 22:43:01','5bc274f59263f77c9da3d79b','2018-10-13 22:43:01','5bc274f59263f77c9da3d79b'),('5bc55b8a9263f77c9da3d79e',NULL,'josmcmenamin@gmail.com','subscribed',NULL,'','',NULL,NULL,'2018-10-16 03:31:22','5bc55b8a9263f77c9da3d79e','2018-10-16 03:31:22','5bc55b8a9263f77c9da3d79e'),('5bc55b969263f77c9da3d79f',NULL,'tlouthain2000@yahoo.com','subscribed',NULL,'','',NULL,NULL,'2018-10-16 03:31:34','5bc55b969263f77c9da3d79f','2018-10-16 03:31:34','5bc55b969263f77c9da3d79f'),('5bc560709263f77c9da3d7a0',NULL,'philoniousmonk@gmail.com','subscribed',NULL,'','',NULL,NULL,'2018-10-16 03:52:16','5bc560709263f77c9da3d7a0','2018-10-16 03:52:16','5bc560709263f77c9da3d7a0'),('5bc560fb9263f77c9da3d7a1',NULL,'lakenyaiheadiemlk3933@yahoo.com','subscribed',NULL,'','',NULL,NULL,'2018-10-16 03:54:35','5bc560fb9263f77c9da3d7a1','2018-10-16 03:54:35','5bc560fb9263f77c9da3d7a1'),('5bc564ab9263f77c9da3d7a2',NULL,'samos59ra@yahoo.com','subscribed',NULL,'','',NULL,NULL,'2018-10-16 04:10:19','5bc564ab9263f77c9da3d7a2','2018-10-16 04:10:19','5bc564ab9263f77c9da3d7a2'),('5bc564c69263f77c9da3d7a3',NULL,'scarfacemd@aol.com','subscribed',NULL,'','',NULL,NULL,'2018-10-16 04:10:46','5bc564c69263f77c9da3d7a3','2018-10-16 04:10:46','5bc564c69263f77c9da3d7a3'),('5bc565449263f77c9da3d7a4',NULL,'flamingobarb1234@yahoo.com','subscribed',NULL,'','',NULL,NULL,'2018-10-16 04:12:52','5bc565449263f77c9da3d7a4','2018-10-16 04:12:52','5bc565449263f77c9da3d7a4'),('5bc5738e9263f77c9da3d7a5',NULL,'electro960-mainbin825@yahoo.com','subscribed',NULL,'','',NULL,NULL,'2018-10-16 05:13:50','5bc5738e9263f77c9da3d7a5','2018-10-16 05:13:50','5bc5738e9263f77c9da3d7a5'),('5bc57a5d9263f77c9da3d7a6',NULL,'ioanndelano1000@gmail.com','subscribed',NULL,'','',NULL,NULL,'2018-10-16 05:42:53','5bc57a5d9263f77c9da3d7a6','2018-10-16 05:42:53','5bc57a5d9263f77c9da3d7a6'),('5bc57ac49263f77c9da3d7a7',NULL,'avon.bznz@gmail.com','subscribed',NULL,'','',NULL,NULL,'2018-10-16 05:44:36','5bc57ac49263f77c9da3d7a7','2018-10-16 05:44:36','5bc57ac49263f77c9da3d7a7'),('5bc57d5e9263f77c9da3d7a8',NULL,'vij255672@gmail.com','subscribed',NULL,'','',NULL,NULL,'2018-10-16 05:55:42','5bc57d5e9263f77c9da3d7a8','2018-10-16 05:55:42','5bc57d5e9263f77c9da3d7a8'),('5bc583ab9263f77c9da3d7a9',NULL,'moose2686@yahoo.com','subscribed',NULL,'','',NULL,NULL,'2018-10-16 06:22:35','5bc583ab9263f77c9da3d7a9','2018-10-16 06:22:35','5bc583ab9263f77c9da3d7a9'),('5bc585ec9263f77c9da3d7aa',NULL,'lainielark@yahoo.com','subscribed',NULL,'','',NULL,NULL,'2018-10-16 06:32:12','5bc585ec9263f77c9da3d7aa','2018-10-16 06:32:12','5bc585ec9263f77c9da3d7aa'),('5bc58a709263f77c9da3d7ab',NULL,'manny0827@aol.com','subscribed',NULL,'','',NULL,NULL,'2018-10-16 06:51:28','5bc58a709263f77c9da3d7ab','2018-10-16 06:51:28','5bc58a709263f77c9da3d7ab'),('5bc58bc89263f77c9da3d7ac',NULL,'marynicolewallace@yahoo.com','subscribed',NULL,'','',NULL,NULL,'2018-10-16 06:57:12','5bc58bc89263f77c9da3d7ac','2018-10-16 06:57:12','5bc58bc89263f77c9da3d7ac'),('5bc58bcc9263f77c9da3d7ad',NULL,'jrace142@aol.com','subscribed',NULL,'','',NULL,NULL,'2018-10-16 06:57:16','5bc58bcc9263f77c9da3d7ad','2018-10-16 06:57:16','5bc58bcc9263f77c9da3d7ad'),('5bc5a0e39263f77c9da3d7ae',NULL,'calfkid@aol.com','subscribed',NULL,'','',NULL,NULL,'2018-10-16 08:27:15','5bc5a0e39263f77c9da3d7ae','2018-10-16 08:27:15','5bc5a0e39263f77c9da3d7ae'),('5bc5a5709263f77c9da3d7af',NULL,'maxdel2011@gmail.com','subscribed',NULL,'','',NULL,NULL,'2018-10-16 08:46:40','5bc5a5709263f77c9da3d7af','2018-10-16 08:46:40','5bc5a5709263f77c9da3d7af'),('5bc5a64f9263f77c9da3d7b0',NULL,'johnpo@gmail.com','subscribed',NULL,'','',NULL,NULL,'2018-10-16 08:50:23','5bc5a64f9263f77c9da3d7b0','2018-10-16 08:50:23','5bc5a64f9263f77c9da3d7b0'),('5bc5b5489263f77c9da3d7b1',NULL,'loriwol@yahoo.com','subscribed',NULL,'','',NULL,NULL,'2018-10-16 09:54:16','5bc5b5489263f77c9da3d7b1','2018-10-16 09:54:16','5bc5b5489263f77c9da3d7b1'),('5bc5bdb99263f77c9da3d7b2',NULL,'mht621@gmail.com','subscribed',NULL,'','',NULL,NULL,'2018-10-16 10:30:17','5bc5bdb99263f77c9da3d7b2','2018-10-16 10:30:17','5bc5bdb99263f77c9da3d7b2'),('5bc5c07a9263f77c9da3d7b3',NULL,'redallen66@gmail.com','subscribed',NULL,'','',NULL,NULL,'2018-10-16 10:42:02','5bc5c07a9263f77c9da3d7b3','2018-10-16 10:42:02','5bc5c07a9263f77c9da3d7b3'),('5bc5d2679263f77c9da3d7b4',NULL,'tcb_epforever@yahoo.com','subscribed',NULL,'','',NULL,NULL,'2018-10-16 11:58:31','5bc5d2679263f77c9da3d7b4','2018-10-16 11:58:31','5bc5d2679263f77c9da3d7b4'),('5bc5d5ca9263f77c9da3d7b5',NULL,'juanpedrolg@gmail.com','subscribed',NULL,'','',NULL,NULL,'2018-10-16 12:12:58','5bc5d5ca9263f77c9da3d7b5','2018-10-16 12:12:58','5bc5d5ca9263f77c9da3d7b5'),('5bc5daf49263f77c9da3d7b6',NULL,'oscardupont@yahoo.com','subscribed',NULL,'','',NULL,NULL,'2018-10-16 12:35:00','5bc5daf49263f77c9da3d7b6','2018-10-16 12:35:00','5bc5daf49263f77c9da3d7b6'),('5bc5dc669263f77c9da3d7b7',NULL,'biysktorgi86@gmail.com','subscribed',NULL,'','',NULL,NULL,'2018-10-16 12:41:10','5bc5dc669263f77c9da3d7b7','2018-10-16 12:41:10','5bc5dc669263f77c9da3d7b7'),('5bc5dca49263f77c9da3d7b8',NULL,'jjtowers@aol.com','subscribed',NULL,'','',NULL,NULL,'2018-10-16 12:42:12','5bc5dca49263f77c9da3d7b8','2018-10-16 12:42:12','5bc5dca49263f77c9da3d7b8'),('5bc5de129263f77c9da3d7b9',NULL,'rmcagle@gmail.com','subscribed',NULL,'','',NULL,NULL,'2018-10-16 12:48:18','5bc5de129263f77c9da3d7b9','2018-10-16 12:48:18','5bc5de129263f77c9da3d7b9'),('5bc5e7539263f77c9da3d7ba',NULL,'goobie43@aol.com','subscribed',NULL,'','',NULL,NULL,'2018-10-16 13:27:47','5bc5e7539263f77c9da3d7ba','2018-10-16 13:27:47','5bc5e7539263f77c9da3d7ba'),('5bc5eea39263f77c9da3d7bb',NULL,'kstrani@yahoo.com','subscribed',NULL,'','',NULL,NULL,'2018-10-16 13:58:59','5bc5eea39263f77c9da3d7bb','2018-10-16 13:58:59','5bc5eea39263f77c9da3d7bb'),('5bc5f3009263f77c9da3d7bc',NULL,'lalissaman@aol.com','subscribed',NULL,'','',NULL,NULL,'2018-10-16 14:17:36','5bc5f3009263f77c9da3d7bc','2018-10-16 14:17:36','5bc5f3009263f77c9da3d7bc'),('5bc5ff9d9263f77c9da3d7bd',NULL,'coopercleve@gmail.com','subscribed',NULL,'','',NULL,NULL,'2018-10-16 15:11:25','5bc5ff9d9263f77c9da3d7bd','2018-10-16 15:11:25','5bc5ff9d9263f77c9da3d7bd'),('5bc601c59263f77c9da3d7be',NULL,'mpc525@gmail.com','subscribed',NULL,'','',NULL,NULL,'2018-10-16 15:20:37','5bc601c59263f77c9da3d7be','2018-10-16 15:20:37','5bc601c59263f77c9da3d7be'),('5bc602f39263f77c9da3d7bf',NULL,'gonzales8a4m@gmail.com','subscribed',NULL,'','',NULL,NULL,'2018-10-16 15:25:39','5bc602f39263f77c9da3d7bf','2018-10-16 15:25:39','5bc602f39263f77c9da3d7bf'),('5bc60e219263f77c9da3d7c0',NULL,'russcalion@sbcglobal.net','subscribed',NULL,'','',NULL,NULL,'2018-10-16 16:13:21','5bc60e219263f77c9da3d7c0','2018-10-16 16:13:21','5bc60e219263f77c9da3d7c0'),('5bc610419263f77c9da3d7c1',NULL,'sesshy81@gmail.com','subscribed',NULL,'','',NULL,NULL,'2018-10-16 16:22:25','5bc610419263f77c9da3d7c1','2018-10-16 16:22:25','5bc610419263f77c9da3d7c1'),('5bc613cf9263f77c9da3d7c2',NULL,'pravinrautmare@gmail.com','subscribed',NULL,'','',NULL,NULL,'2018-10-16 16:37:35','5bc613cf9263f77c9da3d7c2','2018-10-16 16:37:35','5bc613cf9263f77c9da3d7c2'),('5bc617a99263f77c9da3d7c3',NULL,'bgvehov@yahoo.com','subscribed',NULL,'','',NULL,NULL,'2018-10-16 16:54:01','5bc617a99263f77c9da3d7c3','2018-10-16 16:54:01','5bc617a99263f77c9da3d7c3'),('5bc61a2c9263f77c9da3d7c4',NULL,'richard@secureretire.com','subscribed',NULL,'','',NULL,NULL,'2018-10-16 17:04:44','5bc61a2c9263f77c9da3d7c4','2018-10-16 17:04:44','5bc61a2c9263f77c9da3d7c4'),('5bc620c59263f77c9da3d7c7',NULL,'jorta@seniorcarecentersltc.com','subscribed',NULL,'','',NULL,NULL,'2018-10-16 17:32:53','5bc620c59263f77c9da3d7c7','2018-10-16 17:32:53','5bc620c59263f77c9da3d7c7'),('5bc628759263f77c9da3d7c8',NULL,'mhollingbury@westeve.com','subscribed',NULL,'','',NULL,NULL,'2018-10-16 18:05:41','5bc628759263f77c9da3d7c8','2018-10-16 18:05:41','5bc628759263f77c9da3d7c8'),('5bc62d8a9263f77c9da3d7c9',NULL,'luismq1988@gmail.com','subscribed',NULL,'','',NULL,NULL,'2018-10-16 18:27:22','5bc62d8a9263f77c9da3d7c9','2018-10-16 18:27:22','5bc62d8a9263f77c9da3d7c9'),('5bc6342a9263f77c9da3d7ca',NULL,'blindsasapofsebring@gmail.com','subscribed',NULL,'','',NULL,NULL,'2018-10-16 18:55:38','5bc6342a9263f77c9da3d7ca','2018-10-16 18:55:38','5bc6342a9263f77c9da3d7ca'),('5bc635009263f77c9da3d7cb',NULL,'esmith@nwairservices.com','subscribed',NULL,'','',NULL,NULL,'2018-10-16 18:59:12','5bc635009263f77c9da3d7cb','2018-10-16 18:59:12','5bc635009263f77c9da3d7cb'),('5bc645189263f77c9da3d7cc',NULL,'oloughlin.phillip@gmail.com','subscribed',NULL,'','',NULL,NULL,'2018-10-16 20:07:52','5bc645189263f77c9da3d7cc','2018-10-16 20:07:52','5bc645189263f77c9da3d7cc'),('5bc649339263f77c9da3d7cd',NULL,'paul@scott-eng.com','subscribed',NULL,'','',NULL,NULL,'2018-10-16 20:25:23','5bc649339263f77c9da3d7cd','2018-10-16 20:25:23','5bc649339263f77c9da3d7cd'),('5bc64e1a9263f77c9da3d7ce',NULL,'garrettdejong@yahoo.com','subscribed',NULL,'','',NULL,NULL,'2018-10-16 20:46:18','5bc64e1a9263f77c9da3d7ce','2018-10-16 20:46:18','5bc64e1a9263f77c9da3d7ce'),('5bc654bb9263f77c9da3d7cf',NULL,'wevanmansell@yahoo.com','subscribed',NULL,'','',NULL,NULL,'2018-10-16 21:14:35','5bc654bb9263f77c9da3d7cf','2018-10-16 21:14:35','5bc654bb9263f77c9da3d7cf'),('5bc656469263f77c9da3d7d0',NULL,'rgholsto@yahoo.com','subscribed',NULL,'','',NULL,NULL,'2018-10-16 21:21:10','5bc656469263f77c9da3d7d0','2018-10-16 21:21:10','5bc656469263f77c9da3d7d0'),('5bc65a489263f77c9da3d7d1',NULL,'jennie.ivory@gmail.com','subscribed',NULL,'','',NULL,NULL,'2018-10-16 21:38:16','5bc65a489263f77c9da3d7d1','2018-10-16 21:38:16','5bc65a489263f77c9da3d7d1'),('5bc65ca99263f77c9da3d7d2',NULL,'dhsguy@pacbell.net','subscribed',NULL,'','',NULL,NULL,'2018-10-16 21:48:25','5bc65ca99263f77c9da3d7d2','2018-10-16 21:48:25','5bc65ca99263f77c9da3d7d2'),('5bc664999263f77c9da3d7d3',NULL,'loopnlidz@yahoo.com','subscribed',NULL,'','',NULL,NULL,'2018-10-16 22:22:17','5bc664999263f77c9da3d7d3','2018-10-16 22:22:17','5bc664999263f77c9da3d7d3'),('5bc66da59263f77c9da3d7d4',NULL,'melissa_ebus@yahoo.com','subscribed',NULL,'','',NULL,NULL,'2018-10-16 23:00:53','5bc66da59263f77c9da3d7d4','2018-10-16 23:00:53','5bc66da59263f77c9da3d7d4'),('5bc673079263f77c9da3d7d5',NULL,'justkaushik@gmail.com','subscribed',NULL,'','',NULL,NULL,'2018-10-16 23:23:51','5bc673079263f77c9da3d7d5','2018-10-16 23:23:51','5bc673079263f77c9da3d7d5'),('5bc67c6f9263f77c9da3d7d6',NULL,'rjshekht@aol.com','subscribed',NULL,'','',NULL,NULL,'2018-10-17 00:03:59','5bc67c6f9263f77c9da3d7d6','2018-10-17 00:03:59','5bc67c6f9263f77c9da3d7d6'),('5bc67d219263f77c9da3d7d7',NULL,'madisonmcrae1019@gmail.com','subscribed',NULL,'','',NULL,NULL,'2018-10-17 00:06:57','5bc67d219263f77c9da3d7d7','2018-10-17 00:06:57','5bc67d219263f77c9da3d7d7'),('5bc68baf9263f77c9da3d7d8',NULL,'rgr8house95@gmail.com','subscribed',NULL,'','',NULL,NULL,'2018-10-17 01:09:03','5bc68baf9263f77c9da3d7d8','2018-10-17 01:09:03','5bc68baf9263f77c9da3d7d8'),('5bc68c2d9263f77c9da3d7d9',NULL,'quincyvroom@gmail.com','subscribed',NULL,'','',NULL,NULL,'2018-10-17 01:11:09','5bc68c2d9263f77c9da3d7d9','2018-10-17 01:11:09','5bc68c2d9263f77c9da3d7d9'),('5bc68f979263f77c9da3d7da',NULL,'jacmschmidt@gmail.com','subscribed',NULL,'','',NULL,NULL,'2018-10-17 01:25:43','5bc68f979263f77c9da3d7da','2018-10-17 01:25:43','5bc68f979263f77c9da3d7da'),('5bc691529263f77c9da3d7db',NULL,'howardforgey@aol.com','subscribed',NULL,'','',NULL,NULL,'2018-10-17 01:33:06','5bc691529263f77c9da3d7db','2018-10-17 01:33:06','5bc691529263f77c9da3d7db'),('5bc6939d9263f77c9da3d7dc',NULL,'qt10575@aol.com','subscribed',NULL,'','',NULL,NULL,'2018-10-17 01:42:53','5bc6939d9263f77c9da3d7dc','2018-10-17 01:42:53','5bc6939d9263f77c9da3d7dc'),('5bc697e99263f77c9da3d7dd',NULL,'fatih.tanriverdi@gmx.de','subscribed',NULL,'','',NULL,NULL,'2018-10-17 02:01:13','5bc697e99263f77c9da3d7dd','2018-10-17 02:01:13','5bc697e99263f77c9da3d7dd'),('5bc698229263f77c9da3d7de',NULL,'amcus@yahoo.com','subscribed',NULL,'','',NULL,NULL,'2018-10-17 02:02:10','5bc698229263f77c9da3d7de','2018-10-17 02:02:10','5bc698229263f77c9da3d7de'),('5bc699029263f77c9da3d7df',NULL,'bobbettym@gmail.com','subscribed',NULL,'','',NULL,NULL,'2018-10-17 02:05:54','5bc699029263f77c9da3d7df','2018-10-17 02:05:54','5bc699029263f77c9da3d7df'),('5bc69ab69263f77c9da3d7e0',NULL,'djzash@gmail.com','subscribed',NULL,'','',NULL,NULL,'2018-10-17 02:13:10','5bc69ab69263f77c9da3d7e0','2018-10-17 02:13:10','5bc69ab69263f77c9da3d7e0'),('5bc69dc49263f77c9da3d7e1',NULL,'frank40592324@gmail.com','subscribed',NULL,'','',NULL,NULL,'2018-10-17 02:26:12','5bc69dc49263f77c9da3d7e1','2018-10-17 02:26:12','5bc69dc49263f77c9da3d7e1'),('5bc69e8b9263f77c9da3d7e2',NULL,'williammccullough12@gmail.com','subscribed',NULL,'','',NULL,NULL,'2018-10-17 02:29:31','5bc69e8b9263f77c9da3d7e2','2018-10-17 02:29:31','5bc69e8b9263f77c9da3d7e2'),('5bc6af339263f77c9da3d7e3',NULL,'andrehaghverdian@gmail.com','subscribed',NULL,'','',NULL,NULL,'2018-10-17 03:40:35','5bc6af339263f77c9da3d7e3','2018-10-17 03:40:35','5bc6af339263f77c9da3d7e3'),('5bc6b6709263f77c9da3d7e4',NULL,'abcsharon@aol.com','subscribed',NULL,'','',NULL,NULL,'2018-10-17 04:11:28','5bc6b6709263f77c9da3d7e4','2018-10-17 04:11:28','5bc6b6709263f77c9da3d7e4'),('5bc6baef9263f77c9da3d7e5',NULL,'vsnyder2011@gmail.com','subscribed',NULL,'','',NULL,NULL,'2018-10-17 04:30:39','5bc6baef9263f77c9da3d7e5','2018-10-17 04:30:39','5bc6baef9263f77c9da3d7e5'),('5bc6be119263f77c9da3d7e6',NULL,'cindysuel_1960@yahoo.com','subscribed',NULL,'','',NULL,NULL,'2018-10-17 04:44:01','5bc6be119263f77c9da3d7e6','2018-10-17 04:44:01','5bc6be119263f77c9da3d7e6'),('5bc6c7829263f77c9da3d7e7',NULL,'tahimer90@gmail.com','subscribed',NULL,'','',NULL,NULL,'2018-10-17 05:24:18','5bc6c7829263f77c9da3d7e7','2018-10-17 05:24:18','5bc6c7829263f77c9da3d7e7'),('5bc6ca109263f77c9da3d7e8',NULL,'andrewuzino2014@gmail.com','subscribed',NULL,'','',NULL,NULL,'2018-10-17 05:35:12','5bc6ca109263f77c9da3d7e8','2018-10-17 05:35:12','5bc6ca109263f77c9da3d7e8'),('5bc6d9359263f77c9da3d7e9',NULL,'bono.lisa@gmail.com','subscribed',NULL,'','',NULL,NULL,'2018-10-17 06:39:49','5bc6d9359263f77c9da3d7e9','2018-10-17 06:39:49','5bc6d9359263f77c9da3d7e9'),('5bc6dc769263f77c9da3d7ea',NULL,'vgc007@gmail.com','subscribed',NULL,'','',NULL,NULL,'2018-10-17 06:53:42','5bc6dc769263f77c9da3d7ea','2018-10-17 06:53:42','5bc6dc769263f77c9da3d7ea'),('5bc6eb709263f77c9da3d7eb',NULL,'michaelmarkley@comcast.net','subscribed',NULL,'','',NULL,NULL,'2018-10-17 07:57:36','5bc6eb709263f77c9da3d7eb','2018-10-17 07:57:36','5bc6eb709263f77c9da3d7eb'),('5bc6f64b9263f77c9da3d7ec',NULL,'waurab@yahoo.com','subscribed',NULL,'','',NULL,NULL,'2018-10-17 08:43:55','5bc6f64b9263f77c9da3d7ec','2018-10-17 08:43:55','5bc6f64b9263f77c9da3d7ec'),('5bc6f6c09263f77c9da3d7ed',NULL,'neospens@gmail.com','subscribed',NULL,'','',NULL,NULL,'2018-10-17 08:45:52','5bc6f6c09263f77c9da3d7ed','2018-10-17 08:45:52','5bc6f6c09263f77c9da3d7ed'),('5bc6f7bc9263f77c9da3d7ee',NULL,'shatfield013012@gmail.com','subscribed',NULL,'','',NULL,NULL,'2018-10-17 08:50:04','5bc6f7bc9263f77c9da3d7ee','2018-10-17 08:50:04','5bc6f7bc9263f77c9da3d7ee'),('5bc6fb479263f77c9da3d7ef',NULL,'chris.dantos@yahoo.com','subscribed',NULL,'','',NULL,NULL,'2018-10-17 09:05:11','5bc6fb479263f77c9da3d7ef','2018-10-17 09:05:11','5bc6fb479263f77c9da3d7ef'),('5bc6fc6f9263f77c9da3d7f0',NULL,'deewayne2003@yahoo.com','subscribed',NULL,'','',NULL,NULL,'2018-10-17 09:10:07','5bc6fc6f9263f77c9da3d7f0','2018-10-17 09:10:07','5bc6fc6f9263f77c9da3d7f0'),('5bc700949263f77c9da3d7f1',NULL,'sberg2333@gmail.com','subscribed',NULL,'','',NULL,NULL,'2018-10-17 09:27:48','5bc700949263f77c9da3d7f1','2018-10-17 09:27:48','5bc700949263f77c9da3d7f1'),('5bc702429263f77c9da3d7f2',NULL,'laray.byrd@gmail.com','subscribed',NULL,'','',NULL,NULL,'2018-10-17 09:34:58','5bc702429263f77c9da3d7f2','2018-10-17 09:34:58','5bc702429263f77c9da3d7f2'),('5bc710869263f77c9da3d7f3',NULL,'marti@epost.no','subscribed',NULL,'','',NULL,NULL,'2018-10-17 10:35:50','5bc710869263f77c9da3d7f3','2018-10-17 10:35:50','5bc710869263f77c9da3d7f3'),('5bc711929263f77c9da3d7f4',NULL,'rutland.dana@gmail.com','subscribed',NULL,'','',NULL,NULL,'2018-10-17 10:40:18','5bc711929263f77c9da3d7f4','2018-10-17 10:40:18','5bc711929263f77c9da3d7f4'),('5bc720899263f77c9da3d7f5',NULL,'afgcptz9@yahoo.com','subscribed',NULL,'','',NULL,NULL,'2018-10-17 11:44:09','5bc720899263f77c9da3d7f5','2018-10-17 11:44:09','5bc720899263f77c9da3d7f5'),('5bc721809263f77c9da3d7f6',NULL,'mark.martin@coldironcompanies.com','subscribed',NULL,'','',NULL,NULL,'2018-10-17 11:48:16','5bc721809263f77c9da3d7f6','2018-10-17 11:48:16','5bc721809263f77c9da3d7f6'),('5bc724ae9263f77c9da3d7f7',NULL,'paycheck31481@yahoo.com','subscribed',NULL,'','',NULL,NULL,'2018-10-17 12:01:50','5bc724ae9263f77c9da3d7f7','2018-10-17 12:01:50','5bc724ae9263f77c9da3d7f7'),('5bc726a59263f77c9da3d7f8',NULL,'fhsfi@aol.com','subscribed',NULL,'','',NULL,NULL,'2018-10-17 12:10:13','5bc726a59263f77c9da3d7f8','2018-10-17 12:10:13','5bc726a59263f77c9da3d7f8'),('5bc72d039263f77c9da3d7f9',NULL,'kichicago@aol.com','subscribed',NULL,'','',NULL,NULL,'2018-10-17 12:37:23','5bc72d039263f77c9da3d7f9','2018-10-17 12:37:23','5bc72d039263f77c9da3d7f9'),('5bc735f29263f77c9da3d7fa',NULL,'rubencca@aol.com','subscribed',NULL,'','',NULL,NULL,'2018-10-17 13:15:30','5bc735f29263f77c9da3d7fa','2018-10-17 13:15:30','5bc735f29263f77c9da3d7fa'),('5bc74ffc9263f77c9da3d7fb',NULL,'shantiross71@gmail.com','subscribed',NULL,'','',NULL,NULL,'2018-10-17 15:06:36','5bc74ffc9263f77c9da3d7fb','2018-10-17 15:06:36','5bc74ffc9263f77c9da3d7fb'),('5bc750ec9263f77c9da3d7fc',NULL,'melongtin@yahoo.com','subscribed',NULL,'','',NULL,NULL,'2018-10-17 15:10:36','5bc750ec9263f77c9da3d7fc','2018-10-17 15:10:36','5bc750ec9263f77c9da3d7fc'),('5bc75a9c9263f77c9da3d7fd',NULL,'naaima.khan@gmail.com','subscribed',NULL,'','',NULL,NULL,'2018-10-17 15:51:56','5bc75a9c9263f77c9da3d7fd','2018-10-17 15:51:56','5bc75a9c9263f77c9da3d7fd'),('5bc760519263f77c9da3d7fe',NULL,'nomeshaw@gmail.com','subscribed',NULL,'','',NULL,NULL,'2018-10-17 16:16:17','5bc760519263f77c9da3d7fe','2018-10-17 16:16:17','5bc760519263f77c9da3d7fe'),('5bc7691e9263f77c9da3d7ff',NULL,'talston2@aol.com','subscribed',NULL,'','',NULL,NULL,'2018-10-17 16:53:50','5bc7691e9263f77c9da3d7ff','2018-10-17 16:53:50','5bc7691e9263f77c9da3d7ff'),('5bc7707d9263f77c9da3d800',NULL,'bartpat1@aol.com','subscribed',NULL,'','',NULL,NULL,'2018-10-17 17:25:17','5bc7707d9263f77c9da3d800','2018-10-17 17:25:17','5bc7707d9263f77c9da3d800'),('5bc771559263f77c9da3d801',NULL,'meabbott14@gmail.com','subscribed',NULL,'','',NULL,NULL,'2018-10-17 17:28:53','5bc771559263f77c9da3d801','2018-10-17 17:28:53','5bc771559263f77c9da3d801'),('5bc772089263f77c9da3d802',NULL,'karen.s.robinson2@gmail.com','subscribed',NULL,'','',NULL,NULL,'2018-10-17 17:31:52','5bc772089263f77c9da3d802','2018-10-17 17:31:52','5bc772089263f77c9da3d802'),('5bc773819263f77c9da3d803',NULL,'yumwho@gmail.com','subscribed',NULL,'','',NULL,NULL,'2018-10-17 17:38:09','5bc773819263f77c9da3d803','2018-10-17 17:38:09','5bc773819263f77c9da3d803'),('5bc779079263f77c9da3d804',NULL,'eloyramos2002@yahoo.com','subscribed',NULL,'','',NULL,NULL,'2018-10-17 18:01:43','5bc779079263f77c9da3d804','2018-10-17 18:01:43','5bc779079263f77c9da3d804'),('5bc77a129263f77c9da3d805',NULL,'aannunziata@comcast.net','subscribed',NULL,'','',NULL,NULL,'2018-10-17 18:06:10','5bc77a129263f77c9da3d805','2018-10-17 18:06:10','5bc77a129263f77c9da3d805'),('5bc77b809263f77c9da3d806',NULL,'wayne@uniquefloor.com','subscribed',NULL,'','',NULL,NULL,'2018-10-17 18:12:16','5bc77b809263f77c9da3d806','2018-10-17 18:12:16','5bc77b809263f77c9da3d806'),('5bc77d299263f77c9da3d807',NULL,'davis.shannon_joy@yahoo.com','subscribed',NULL,'','',NULL,NULL,'2018-10-17 18:19:21','5bc77d299263f77c9da3d807','2018-10-17 18:19:21','5bc77d299263f77c9da3d807'),('5bc782929263f77c9da3d808',NULL,'colacson@gmail.com','subscribed',NULL,'','',NULL,NULL,'2018-10-17 18:42:26','5bc782929263f77c9da3d808','2018-10-17 18:42:26','5bc782929263f77c9da3d808'),('5bc782949263f77c9da3d809',NULL,'ariggs@surety-title.com','subscribed',NULL,'','',NULL,NULL,'2018-10-17 18:42:28','5bc782949263f77c9da3d809','2018-10-17 18:42:28','5bc782949263f77c9da3d809'),('5bc78aed9263f77c9da3d80a',NULL,'awesomelycute@yahoo.com','subscribed',NULL,'','',NULL,NULL,'2018-10-17 19:18:05','5bc78aed9263f77c9da3d80a','2018-10-17 19:18:05','5bc78aed9263f77c9da3d80a'),('5bc78ccc9263f77c9da3d80b',NULL,'brenda_gen@yahoo.com','subscribed',NULL,'','',NULL,NULL,'2018-10-17 19:26:04','5bc78ccc9263f77c9da3d80b','2018-10-17 19:26:04','5bc78ccc9263f77c9da3d80b'),('5bc78d0f9263f77c9da3d80c',NULL,'didier.vargas89@gmail.com','subscribed',NULL,'','',NULL,NULL,'2018-10-17 19:27:11','5bc78d0f9263f77c9da3d80c','2018-10-17 19:27:11','5bc78d0f9263f77c9da3d80c'),('5bc7945e9263f77c9da3d80d',NULL,'marojn35@gmail.com','subscribed',NULL,'','',NULL,NULL,'2018-10-17 19:58:22','5bc7945e9263f77c9da3d80d','2018-10-17 19:58:22','5bc7945e9263f77c9da3d80d'),('5bc794cb9263f77c9da3d80e',NULL,'lauraegiacchi@gmail.com','subscribed',NULL,'','',NULL,NULL,'2018-10-17 20:00:11','5bc794cb9263f77c9da3d80e','2018-10-17 20:00:11','5bc794cb9263f77c9da3d80e'),('5bc796da9263f77c9da3d80f',NULL,'supp1decr@cock.li','subscribed',NULL,'','',NULL,NULL,'2018-10-17 20:08:58','5bc796da9263f77c9da3d80f','2018-10-17 20:08:58','5bc796da9263f77c9da3d80f'),('5bc7a2af9263f77c9da3d810',NULL,'rreynolds@frankcompanies.com','subscribed',NULL,'','',NULL,NULL,'2018-10-17 20:59:27','5bc7a2af9263f77c9da3d810','2018-10-17 20:59:27','5bc7a2af9263f77c9da3d810'),('5bc7a9379263f77c9da3d811',NULL,'bgordon72@aol.com','subscribed',NULL,'','',NULL,NULL,'2018-10-17 21:27:19','5bc7a9379263f77c9da3d811','2018-10-17 21:27:19','5bc7a9379263f77c9da3d811'),('5bc7ad7a9263f77c9da3d812',NULL,'shawnamarie12@yahoo.com','subscribed',NULL,'','',NULL,NULL,'2018-10-17 21:45:30','5bc7ad7a9263f77c9da3d812','2018-10-17 21:45:30','5bc7ad7a9263f77c9da3d812'),('5bc7b10f9263f77c9da3d813',NULL,'bhhoskinson@gmail.com','subscribed',NULL,'','',NULL,NULL,'2018-10-17 22:00:47','5bc7b10f9263f77c9da3d813','2018-10-17 22:00:47','5bc7b10f9263f77c9da3d813'),('5bc7b16e9263f77c9da3d814',NULL,'melissa@ddeginc.com','subscribed',NULL,'','',NULL,NULL,'2018-10-17 22:02:22','5bc7b16e9263f77c9da3d814','2018-10-17 22:02:22','5bc7b16e9263f77c9da3d814'),('5bc7b8ad9263f77c9da3d815',NULL,'marjeking@aol.com','subscribed',NULL,'','',NULL,NULL,'2018-10-17 22:33:17','5bc7b8ad9263f77c9da3d815','2018-10-17 22:33:17','5bc7b8ad9263f77c9da3d815'),('5bc7bff39263f77c9da3d816',NULL,'jolie3686@gmail.com','subscribed',NULL,'','',NULL,NULL,'2018-10-17 23:04:19','5bc7bff39263f77c9da3d816','2018-10-17 23:04:19','5bc7bff39263f77c9da3d816'),('5bc7c1629263f77c9da3d817',NULL,'glammaedwards@yahoo.com','subscribed',NULL,'','',NULL,NULL,'2018-10-17 23:10:26','5bc7c1629263f77c9da3d817','2018-10-17 23:10:26','5bc7c1629263f77c9da3d817'),('5bc7c49d9263f77c9da3d818',NULL,'303worldllc@gmail.com','subscribed',NULL,'','',NULL,NULL,'2018-10-17 23:24:13','5bc7c49d9263f77c9da3d818','2018-10-17 23:24:13','5bc7c49d9263f77c9da3d818'),('5bc7c61f9263f77c9da3d819',NULL,'jlckwd@yahoo.com','subscribed',NULL,'','',NULL,NULL,'2018-10-17 23:30:39','5bc7c61f9263f77c9da3d819','2018-10-17 23:30:39','5bc7c61f9263f77c9da3d819'),('5bc7c8af9263f77c9da3d81a',NULL,'jazmine_260@yahoo.com','subscribed',NULL,'','',NULL,NULL,'2018-10-17 23:41:35','5bc7c8af9263f77c9da3d81a','2018-10-17 23:41:35','5bc7c8af9263f77c9da3d81a'),('5bc7cac79263f77c9da3d81b',NULL,'pete_gb@yahoo.com','subscribed',NULL,'','',NULL,NULL,'2018-10-17 23:50:31','5bc7cac79263f77c9da3d81b','2018-10-17 23:50:31','5bc7cac79263f77c9da3d81b'),('5bc7d69c9263f77c9da3d81c',NULL,'m.lewis142289@gmail.com','subscribed',NULL,'','',NULL,NULL,'2018-10-18 00:41:00','5bc7d69c9263f77c9da3d81c','2018-10-18 00:41:00','5bc7d69c9263f77c9da3d81c'),('5bc7dbaa9263f77c9da3d81d',NULL,'agnes1222@gmail.com','subscribed',NULL,'','',NULL,NULL,'2018-10-18 01:02:34','5bc7dbaa9263f77c9da3d81d','2018-10-18 01:02:34','5bc7dbaa9263f77c9da3d81d'),('5bc7e0ce9263f77c9da3d81e',NULL,'hrconnectionmn@gmail.com','subscribed',NULL,'','',NULL,NULL,'2018-10-18 01:24:30','5bc7e0ce9263f77c9da3d81e','2018-10-18 01:24:30','5bc7e0ce9263f77c9da3d81e'),('5bc7e3c39263f77c9da3d81f',NULL,'afdorinmdmba@aol.com','subscribed',NULL,'','',NULL,NULL,'2018-10-18 01:37:07','5bc7e3c39263f77c9da3d81f','2018-10-18 01:37:07','5bc7e3c39263f77c9da3d81f'),('5bc7ec029263f77c9da3d820',NULL,'romeelaine@gmail.com','subscribed',NULL,'','',NULL,NULL,'2018-10-18 02:12:18','5bc7ec029263f77c9da3d820','2018-10-18 02:12:18','5bc7ec029263f77c9da3d820'),('5bc7f2349263f77c9da3d821',NULL,'sherryallanvega@gmail.com','subscribed',NULL,'','',NULL,NULL,'2018-10-18 02:38:44','5bc7f2349263f77c9da3d821','2018-10-18 02:38:44','5bc7f2349263f77c9da3d821'),('5bc7fde09263f77c9da3d822',NULL,'clcdavis@gmail.com','subscribed',NULL,'','',NULL,NULL,'2018-10-18 03:28:32','5bc7fde09263f77c9da3d822','2018-10-18 03:28:32','5bc7fde09263f77c9da3d822'),('5bc8085d9263f77c9da3d823',NULL,'riccodavisjr@aol.com','subscribed',NULL,'','',NULL,NULL,'2018-10-18 04:13:17','5bc8085d9263f77c9da3d823','2018-10-18 04:13:17','5bc8085d9263f77c9da3d823'),('5bc812a29263f77c9da3d824',NULL,'mremingtonb@gmail.com','subscribed',NULL,'','',NULL,NULL,'2018-10-18 04:57:06','5bc812a29263f77c9da3d824','2018-10-18 04:57:06','5bc812a29263f77c9da3d824'),('5bc81ba09263f77c9da3d825',NULL,'soniam04@gmail.com','subscribed',NULL,'','',NULL,NULL,'2018-10-18 05:35:28','5bc81ba09263f77c9da3d825','2018-10-18 05:35:28','5bc81ba09263f77c9da3d825'),('5bc83f289263f77c9da3d826',NULL,'beachgirlobx1@gmail.com','subscribed',NULL,'','',NULL,NULL,'2018-10-18 08:07:04','5bc83f289263f77c9da3d826','2018-10-18 08:07:04','5bc83f289263f77c9da3d826'),('5bc843439263f77c9da3d827',NULL,'edplunkett@comcast.net','subscribed',NULL,'','',NULL,NULL,'2018-10-18 08:24:35','5bc843439263f77c9da3d827','2018-10-18 08:24:35','5bc843439263f77c9da3d827'),('5bc85b579263f77c9da3d828',NULL,'dcangioman@aol.com','subscribed',NULL,'','',NULL,NULL,'2018-10-18 10:07:19','5bc85b579263f77c9da3d828','2018-10-18 10:07:19','5bc85b579263f77c9da3d828'),('5bc85fe89263f77c9da3d829',NULL,'sroenigk@yahoo.com','subscribed',NULL,'','',NULL,NULL,'2018-10-18 10:26:48','5bc85fe89263f77c9da3d829','2018-10-18 10:26:48','5bc85fe89263f77c9da3d829'),('5bc862929263f77c9da3d82a',NULL,'cbdamschroder@gmail.com','subscribed',NULL,'','',NULL,NULL,'2018-10-18 10:38:10','5bc862929263f77c9da3d82a','2018-10-18 10:38:10','5bc862929263f77c9da3d82a'),('5bc89f0d9263f77c9da3d82b',NULL,'ronalddotycat@gmail.com','subscribed',NULL,'','',NULL,NULL,'2018-10-18 14:56:13','5bc89f0d9263f77c9da3d82b','2018-10-18 14:56:13','5bc89f0d9263f77c9da3d82b'),('5bc8aee99263f77c9da3d82c',NULL,'harmishshah999@gmail.com','subscribed',NULL,'','',NULL,NULL,'2018-10-18 16:03:53','5bc8aee99263f77c9da3d82c','2018-10-18 16:03:53','5bc8aee99263f77c9da3d82c'),('5bc8af1f9263f77c9da3d82d',NULL,'medicrandy@yahoo.com','subscribed',NULL,'','',NULL,NULL,'2018-10-18 16:04:47','5bc8af1f9263f77c9da3d82d','2018-10-18 16:04:47','5bc8af1f9263f77c9da3d82d'),('5bc8b51f9263f77c9da3d82e',NULL,'jj3a2000@gmail.com','subscribed',NULL,'','',NULL,NULL,'2018-10-18 16:30:23','5bc8b51f9263f77c9da3d82e','2018-10-18 16:30:23','5bc8b51f9263f77c9da3d82e'),('5bc8b5239263f77c9da3d82f',NULL,'saeid.ranjbar701@gmail.com','subscribed',NULL,'','',NULL,NULL,'2018-10-18 16:30:27','5bc8b5239263f77c9da3d82f','2018-10-18 16:30:27','5bc8b5239263f77c9da3d82f'),('5bc8ba7e9263f77c9da3d830',NULL,'johnson.willie205@yahoo.com','subscribed',NULL,'','',NULL,NULL,'2018-10-18 16:53:18','5bc8ba7e9263f77c9da3d830','2018-10-18 16:53:18','5bc8ba7e9263f77c9da3d830'),('5bc8bde49263f77c9da3d831',NULL,'leslie.jo.shields@gmail.com','subscribed',NULL,'','',NULL,NULL,'2018-10-18 17:07:48','5bc8bde49263f77c9da3d831','2018-10-18 17:07:48','5bc8bde49263f77c9da3d831'),('5bc8c17f9263f77c9da3d834',NULL,'kaymccabe19@gmail.com','subscribed',NULL,'','',NULL,NULL,'2018-10-18 17:23:11','5bc8c17f9263f77c9da3d834','2018-10-18 17:23:11','5bc8c17f9263f77c9da3d834'),('5bc8c4079263f77c9da3d835',NULL,'nmr0510@gmail.com','subscribed',NULL,'','',NULL,NULL,'2018-10-18 17:33:59','5bc8c4079263f77c9da3d835','2018-10-18 17:33:59','5bc8c4079263f77c9da3d835'),('5bc8d1a59263f77c9da3d836',NULL,'nikia242@aol.com','subscribed',NULL,'','',NULL,NULL,'2018-10-18 18:32:05','5bc8d1a59263f77c9da3d836','2018-10-18 18:32:05','5bc8d1a59263f77c9da3d836'),('5bc8da059263f77c9da3d837',NULL,'bpruch@aol.com','subscribed',NULL,'','',NULL,NULL,'2018-10-18 19:07:49','5bc8da059263f77c9da3d837','2018-10-18 19:07:49','5bc8da059263f77c9da3d837'),('5bc8e1e69263f77c9da3d838',NULL,'kathyryan65@cox.net','subscribed',NULL,'','',NULL,NULL,'2018-10-18 19:41:26','5bc8e1e69263f77c9da3d838','2018-10-18 19:41:26','5bc8e1e69263f77c9da3d838'),('5bc8e3e49263f77c9da3d839',NULL,'gary.gngw@gmail.com','subscribed',NULL,'','',NULL,NULL,'2018-10-18 19:49:56','5bc8e3e49263f77c9da3d839','2018-10-18 19:49:56','5bc8e3e49263f77c9da3d839'),('5bc8e5089263f77c9da3d83a',NULL,'thuylyp@gmail.com','subscribed',NULL,'','',NULL,NULL,'2018-10-18 19:54:48','5bc8e5089263f77c9da3d83a','2018-10-18 19:54:48','5bc8e5089263f77c9da3d83a'),('5bc8ee299263f77c9da3d83b',NULL,'smithcp200@gmail.com','subscribed',NULL,'','',NULL,NULL,'2018-10-18 20:33:45','5bc8ee299263f77c9da3d83b','2018-10-18 20:33:45','5bc8ee299263f77c9da3d83b'),('5bc8f1e99263f77c9da3d83c',NULL,'ericchun313@gmail.com','subscribed',NULL,'','',NULL,NULL,'2018-10-18 20:49:45','5bc8f1e99263f77c9da3d83c','2018-10-18 20:49:45','5bc8f1e99263f77c9da3d83c'),('5bc8f3869263f77c9da3d83d',NULL,'tonyxmedina4@gmail.com','subscribed',NULL,'','',NULL,NULL,'2018-10-18 20:56:38','5bc8f3869263f77c9da3d83d','2018-10-18 20:56:38','5bc8f3869263f77c9da3d83d'),('5bc8f3a99263f77c9da3d83e',NULL,'gono1e@yahoo.com','subscribed',NULL,'','',NULL,NULL,'2018-10-18 20:57:13','5bc8f3a99263f77c9da3d83e','2018-10-18 20:57:13','5bc8f3a99263f77c9da3d83e'),('5bc901009263f77c9da3d83f',NULL,'bradhyler@gmail.com','subscribed',NULL,'','',NULL,NULL,'2018-10-18 21:54:08','5bc901009263f77c9da3d83f','2018-10-18 21:54:08','5bc901009263f77c9da3d83f'),('5bc903aa9263f77c9da3d840',NULL,'payamaskary@gmail.com','subscribed',NULL,'','',NULL,NULL,'2018-10-18 22:05:30','5bc903aa9263f77c9da3d840','2018-10-18 22:05:30','5bc903aa9263f77c9da3d840'),('5bc910549263f77c9da3d841',NULL,'marklb7@yahoo.com','subscribed',NULL,'','',NULL,NULL,'2018-10-18 22:59:32','5bc910549263f77c9da3d841','2018-10-18 22:59:32','5bc910549263f77c9da3d841'),('5bc9110c9263f77c9da3d842',NULL,'downs386@aol.com','subscribed',NULL,'','',NULL,NULL,'2018-10-18 23:02:36','5bc9110c9263f77c9da3d842','2018-10-18 23:02:36','5bc9110c9263f77c9da3d842'),('5bc9118d9263f77c9da3d843',NULL,'arw721@gmail.com','subscribed',NULL,'','',NULL,NULL,'2018-10-18 23:04:45','5bc9118d9263f77c9da3d843','2018-10-18 23:04:45','5bc9118d9263f77c9da3d843'),('5bc912569263f77c9da3d844',NULL,'angellmm97@gmail.com','subscribed',NULL,'','',NULL,NULL,'2018-10-18 23:08:06','5bc912569263f77c9da3d844','2018-10-18 23:08:06','5bc912569263f77c9da3d844'),('5bc915e19263f77c9da3d845',NULL,'rinray1212@yahoo.com','subscribed',NULL,'','',NULL,NULL,'2018-10-18 23:23:13','5bc915e19263f77c9da3d845','2018-10-18 23:23:13','5bc915e19263f77c9da3d845'),('5bc91dd29263f77c9da3d846',NULL,'salier@rogers.com','subscribed',NULL,'','',NULL,NULL,'2018-10-18 23:57:06','5bc91dd29263f77c9da3d846','2018-10-18 23:57:06','5bc91dd29263f77c9da3d846'),('5bc920059263f77c9da3d847',NULL,'perrymarsh57@gmail.com','subscribed',NULL,'','',NULL,NULL,'2018-10-19 00:06:29','5bc920059263f77c9da3d847','2018-10-19 00:06:29','5bc920059263f77c9da3d847'),('5bc92a5e9263f77c9da3d848',NULL,'grands221@aol.com','subscribed',NULL,'','',NULL,NULL,'2018-10-19 00:50:38','5bc92a5e9263f77c9da3d848','2018-10-19 00:50:38','5bc92a5e9263f77c9da3d848'),('5bc92ba89263f77c9da3d849',NULL,'tristan6520@gmail.com','subscribed',NULL,'','',NULL,NULL,'2018-10-19 00:56:08','5bc92ba89263f77c9da3d849','2018-10-19 00:56:08','5bc92ba89263f77c9da3d849'),('5bc92f6b9263f77c9da3d84a',NULL,'angeyee2003@yahoo.com','subscribed',NULL,'','',NULL,NULL,'2018-10-19 01:12:11','5bc92f6b9263f77c9da3d84a','2018-10-19 01:12:11','5bc92f6b9263f77c9da3d84a'),('5bc933229263f77c9da3d84b',NULL,'hwhoss@yahoo.com','subscribed',NULL,'','',NULL,NULL,'2018-10-19 01:28:02','5bc933229263f77c9da3d84b','2018-10-19 01:28:02','5bc933229263f77c9da3d84b'),('5bc93fe69263f77c9da3d84c',NULL,'gelsasser4@gmail.com','subscribed',NULL,'','',NULL,NULL,'2018-10-19 02:22:30','5bc93fe69263f77c9da3d84c','2018-10-19 02:22:30','5bc93fe69263f77c9da3d84c'),('5bc94a009263f77c9da3d84d',NULL,'radford.sparks@gmail.com','subscribed',NULL,'','',NULL,NULL,'2018-10-19 03:05:36','5bc94a009263f77c9da3d84d','2018-10-19 03:05:36','5bc94a009263f77c9da3d84d'),('5bc965549263f77c9da3d84e',NULL,'bsmall@cts2.com','subscribed',NULL,'','',NULL,NULL,'2018-10-19 05:02:12','5bc965549263f77c9da3d84e','2018-10-19 05:02:12','5bc965549263f77c9da3d84e'),('5bc965549263f77c9da3d84f',NULL,'ekandah@yahoo.com','subscribed',NULL,'','',NULL,NULL,'2018-10-19 05:02:12','5bc965549263f77c9da3d84f','2018-10-19 05:02:12','5bc965549263f77c9da3d84f'),('5bc968a09263f77c9da3d850',NULL,'egosumpater@yahoo.com','subscribed',NULL,'','',NULL,NULL,'2018-10-19 05:16:16','5bc968a09263f77c9da3d850','2018-10-19 05:16:16','5bc968a09263f77c9da3d850'),('5bc9766e9263f77c9da3d851',NULL,'cornerchic@aol.com','subscribed',NULL,'','',NULL,NULL,'2018-10-19 06:15:10','5bc9766e9263f77c9da3d851','2018-10-19 06:15:10','5bc9766e9263f77c9da3d851'),('5bc991969263f77c9da3d852',NULL,'dannysugrue@gmail.com','subscribed',NULL,'','',NULL,NULL,'2018-10-19 08:11:02','5bc991969263f77c9da3d852','2018-10-19 08:11:02','5bc991969263f77c9da3d852'),('5bc9a8259263f77c9da3d853',NULL,'jcunn2282@aol.com','subscribed',NULL,'','',NULL,NULL,'2018-10-19 09:47:17','5bc9a8259263f77c9da3d853','2018-10-19 09:47:17','5bc9a8259263f77c9da3d853'),('5bc9b64a9263f77c9da3d854',NULL,'scottman8286@aol.com','subscribed',NULL,'','',NULL,NULL,'2018-10-19 10:47:38','5bc9b64a9263f77c9da3d854','2018-10-19 10:47:38','5bc9b64a9263f77c9da3d854'),('5bc9b9349263f77c9da3d855',NULL,'wiegand_geil.gabi@freenet.de','subscribed',NULL,'','',NULL,NULL,'2018-10-19 11:00:04','5bc9b9349263f77c9da3d855','2018-10-19 11:00:04','5bc9b9349263f77c9da3d855'),('5bc9bb399263f77c9da3d856',NULL,'tiffany2311@yahoo.com','subscribed',NULL,'','',NULL,NULL,'2018-10-19 11:08:41','5bc9bb399263f77c9da3d856','2018-10-19 11:08:41','5bc9bb399263f77c9da3d856'),('5bc9bfaf9263f77c9da3d857',NULL,'inge1707@yahoo.de','subscribed',NULL,'','',NULL,NULL,'2018-10-19 11:27:43','5bc9bfaf9263f77c9da3d857','2018-10-19 11:27:43','5bc9bfaf9263f77c9da3d857'),('5bc9e4329263f77c9da3d858',NULL,'tricia@triciasedgwick.com','subscribed',NULL,'','',NULL,NULL,'2018-10-19 14:03:30','5bc9e4329263f77c9da3d858','2018-10-19 14:03:30','5bc9e4329263f77c9da3d858'),('5bc9f9419263f77c9da3d859',NULL,'davemammen@gmail.com','subscribed',NULL,'','',NULL,NULL,'2018-10-19 15:33:21','5bc9f9419263f77c9da3d859','2018-10-19 15:33:21','5bc9f9419263f77c9da3d859'),('5bca044c9263f77c9da3d85a',NULL,'chandra.r.rice@gmail.com','subscribed',NULL,'','',NULL,NULL,'2018-10-19 16:20:28','5bca044c9263f77c9da3d85a','2018-10-19 16:20:28','5bca044c9263f77c9da3d85a'),('5bca04809263f77c9da3d85b',NULL,'sayakadcortez@gmail.com','subscribed',NULL,'','',NULL,NULL,'2018-10-19 16:21:20','5bca04809263f77c9da3d85b','2018-10-19 16:21:20','5bca04809263f77c9da3d85b'),('5bca11be9263f77c9da3d85c',NULL,'laurenlanell@gmail.com','subscribed',NULL,'','',NULL,NULL,'2018-10-19 17:17:50','5bca11be9263f77c9da3d85c','2018-10-19 17:17:50','5bca11be9263f77c9da3d85c'),('5bca18199263f77c9da3d85f',NULL,'partnerspower@rogers.com','subscribed',NULL,'','',NULL,NULL,'2018-10-19 17:44:57','5bca18199263f77c9da3d85f','2018-10-19 17:44:57','5bca18199263f77c9da3d85f'),('5bca20b29263f77c9da3d860',NULL,'piusvincent13@gmail.com','subscribed',NULL,'','',NULL,NULL,'2018-10-19 18:21:38','5bca20b29263f77c9da3d860','2018-10-19 18:21:38','5bca20b29263f77c9da3d860'),('5bca257d9263f77c9da3d861',NULL,'hopenjshore@aol.com','subscribed',NULL,'','',NULL,NULL,'2018-10-19 18:42:05','5bca257d9263f77c9da3d861','2018-10-19 18:42:05','5bca257d9263f77c9da3d861'),('5bca2aee9263f77c9da3d862',NULL,'jmadkins07@gmail.com','subscribed',NULL,'','',NULL,NULL,'2018-10-19 19:05:18','5bca2aee9263f77c9da3d862','2018-10-19 19:05:18','5bca2aee9263f77c9da3d862'),('5bca34729263f77c9da3d863',NULL,'sarajevo2bih@gmail.com','subscribed',NULL,'','',NULL,NULL,'2018-10-19 19:45:54','5bca34729263f77c9da3d863','2018-10-19 19:45:54','5bca34729263f77c9da3d863'),('5bca3aae9263f77c9da3d864',NULL,'gmwaybright@aol.com','subscribed',NULL,'','',NULL,NULL,'2018-10-19 20:12:30','5bca3aae9263f77c9da3d864','2018-10-19 20:12:30','5bca3aae9263f77c9da3d864'),('5bca3cdb9263f77c9da3d865',NULL,'magsd1995@yahoo.com','subscribed',NULL,'','',NULL,NULL,'2018-10-19 20:21:47','5bca3cdb9263f77c9da3d865','2018-10-19 20:21:47','5bca3cdb9263f77c9da3d865'),('5bca514f9263f77c9da3d866',NULL,'rbrown@pharmaca.com','subscribed',NULL,'','',NULL,NULL,'2018-10-19 21:49:03','5bca514f9263f77c9da3d866','2018-10-19 21:49:03','5bca514f9263f77c9da3d866'),('5bca67389263f77c9da3d867',NULL,'laurengutierrez42@gmail.com','subscribed',NULL,'','',NULL,NULL,'2018-10-19 23:22:32','5bca67389263f77c9da3d867','2018-10-19 23:22:32','5bca67389263f77c9da3d867'),('5bca81c69263f77c9da3d868',NULL,'michaelshtern@aol.com','subscribed',NULL,'','',NULL,NULL,'2018-10-20 01:15:50','5bca81c69263f77c9da3d868','2018-10-20 01:15:50','5bca81c69263f77c9da3d868'),('5bcaa2649263f77c9da3d869',NULL,'e.shepherd760@gmail.com','subscribed',NULL,'','',NULL,NULL,'2018-10-20 03:35:00','5bcaa2649263f77c9da3d869','2018-10-20 03:35:00','5bcaa2649263f77c9da3d869'),('5bcaa9a79263f77c9da3d86a',NULL,'ramseybrown@gmail.com','subscribed',NULL,'','',NULL,NULL,'2018-10-20 04:05:59','5bcaa9a79263f77c9da3d86a','2018-10-20 04:05:59','5bcaa9a79263f77c9da3d86a'),('5bcaaeb09263f77c9da3d86b',NULL,'lashanda.kelly@gmail.com','subscribed',NULL,'','',NULL,NULL,'2018-10-20 04:27:28','5bcaaeb09263f77c9da3d86b','2018-10-20 04:27:28','5bcaaeb09263f77c9da3d86b'),('5bcab4809263f77c9da3d86c',NULL,'rsheer1015@aol.com','subscribed',NULL,'','',NULL,NULL,'2018-10-20 04:52:16','5bcab4809263f77c9da3d86c','2018-10-20 04:52:16','5bcab4809263f77c9da3d86c'),('5bcb11c09263f77c9da3d86d',NULL,'amos.mckinnon@gmail.com','subscribed',NULL,'','',NULL,NULL,'2018-10-20 11:30:08','5bcb11c09263f77c9da3d86d','2018-10-20 11:30:08','5bcb11c09263f77c9da3d86d'),('5bcb4abe9263f77c9da3d86e',NULL,'mkmulqueen@gmail.com','subscribed',NULL,'','',NULL,NULL,'2018-10-20 15:33:18','5bcb4abe9263f77c9da3d86e','2018-10-20 15:33:18','5bcb4abe9263f77c9da3d86e'),('5bcb59b39263f77c9da3d86f',NULL,'kahanui.carkeek@gmail.com','subscribed',NULL,'','',NULL,NULL,'2018-10-20 16:37:07','5bcb59b39263f77c9da3d86f','2018-10-20 16:37:07','5bcb59b39263f77c9da3d86f'),('5bcb6e499263f77c9da3d870',NULL,'kouaxiong85@gmail.com','subscribed',NULL,'','',NULL,NULL,'2018-10-20 18:04:57','5bcb6e499263f77c9da3d870','2018-10-20 18:04:57','5bcb6e499263f77c9da3d870'),('5bcb72139263f77c9da3d871',NULL,'annalee23@aol.com','subscribed',NULL,'','',NULL,NULL,'2018-10-20 18:21:07','5bcb72139263f77c9da3d871','2018-10-20 18:21:07','5bcb72139263f77c9da3d871'),('5bcb754d9263f77c9da3d872',NULL,'bkking1005@aol.com','subscribed',NULL,'','',NULL,NULL,'2018-10-20 18:34:53','5bcb754d9263f77c9da3d872','2018-10-20 18:34:53','5bcb754d9263f77c9da3d872'),('5bcbaf919263f77c9da3d873',NULL,'soney210410@rediffmail.com','subscribed',NULL,'','',NULL,NULL,'2018-10-20 22:43:29','5bcbaf919263f77c9da3d873','2018-10-20 22:43:29','5bcbaf919263f77c9da3d873'),('5bcbb50b9263f77c9da3d874',NULL,'pbw63@aol.com','subscribed',NULL,'','',NULL,NULL,'2018-10-20 23:06:51','5bcbb50b9263f77c9da3d874','2018-10-20 23:06:51','5bcbb50b9263f77c9da3d874'),('5bcbd62f9263f77c9da3d875',NULL,'kgraffite@yahoo.com','subscribed',NULL,'','',NULL,NULL,'2018-10-21 01:28:15','5bcbd62f9263f77c9da3d875','2018-10-21 01:28:15','5bcbd62f9263f77c9da3d875'),('5bcbec1f9263f77c9da3d876',NULL,'morganstjohn@gmail.com','subscribed',NULL,'','',NULL,NULL,'2018-10-21 03:01:51','5bcbec1f9263f77c9da3d876','2018-10-21 03:01:51','5bcbec1f9263f77c9da3d876'),('5bcc24e49263f77c9da3d877',NULL,'butlers6280@yahoo.com','subscribed',NULL,'','',NULL,NULL,'2018-10-21 07:04:04','5bcc24e49263f77c9da3d877','2018-10-21 07:04:04','5bcc24e49263f77c9da3d877'),('5bcc528a9263f77c9da3d879',NULL,'durban.doyle@gmail.com','subscribed',NULL,'','',NULL,NULL,'2018-10-21 10:18:50','5bcc528a9263f77c9da3d879','2018-10-21 10:18:50','5bcc528a9263f77c9da3d879'),('5bcc7a8e9263f77c9da3d87a',NULL,'andrew.whittaker@yorkshirecaravans.com','subscribed',NULL,'','',NULL,NULL,'2018-10-21 13:09:34','5bcc7a8e9263f77c9da3d87a','2018-10-21 13:09:34','5bcc7a8e9263f77c9da3d87a'),('5bcc87639263f77c9da3d87b',NULL,'djunenguyen@yahoo.com','subscribed',NULL,'','',NULL,NULL,'2018-10-21 14:04:19','5bcc87639263f77c9da3d87b','2018-10-21 14:04:19','5bcc87639263f77c9da3d87b'),('5bcc94c19263f77c9da3d87c',NULL,'tabers2000@yahoo.com','subscribed',NULL,'','',NULL,NULL,'2018-10-21 15:01:21','5bcc94c19263f77c9da3d87c','2018-10-21 15:01:21','5bcc94c19263f77c9da3d87c'),('5bccac6a9263f77c9da3d87d',NULL,'bitfinexed@gmail.com','subscribed',NULL,'','',NULL,NULL,'2018-10-21 16:42:18','5bccac6a9263f77c9da3d87d','2018-10-21 16:42:18','5bccac6a9263f77c9da3d87d'),('5bccb2169263f77c9da3d87e',NULL,'rhonda61@comsouth.net','subscribed',NULL,'','',NULL,NULL,'2018-10-21 17:06:30','5bccb2169263f77c9da3d87e','2018-10-21 17:06:30','5bccb2169263f77c9da3d87e'),('5bccbd6d9263f77c9da3d881',NULL,'ludvik.czital@praha1.cz','subscribed',NULL,'','',NULL,NULL,'2018-10-21 17:54:53','5bccbd6d9263f77c9da3d881','2018-10-21 17:54:53','5bccbd6d9263f77c9da3d881'),('5bccbdaf9263f77c9da3d882',NULL,'cermak.vavrinec@gmail.com','subscribed',NULL,'','',NULL,NULL,'2018-10-21 17:55:59','5bccbdaf9263f77c9da3d882','2018-10-21 17:55:59','5bccbdaf9263f77c9da3d882'),('5bccd2e79263f77c9da3d883',NULL,'bradenbiggs@gmail.com','subscribed',NULL,'','',NULL,NULL,'2018-10-21 19:26:31','5bccd2e79263f77c9da3d883','2018-10-21 19:26:31','5bccd2e79263f77c9da3d883'),('5bccea759263f77c9da3d884',NULL,'julia@anuncia.cc','subscribed',NULL,'','',NULL,NULL,'2018-10-21 21:07:01','5bccea759263f77c9da3d884','2018-10-21 21:07:01','5bccea759263f77c9da3d884'),('5bccee099263f77c9da3d885',NULL,'mblund1111@yahoo.com','subscribed',NULL,'','',NULL,NULL,'2018-10-21 21:22:17','5bccee099263f77c9da3d885','2018-10-21 21:22:17','5bccee099263f77c9da3d885'),('5bcd28289263f77c9da3d886',NULL,'eelovett15@gmail.com','subscribed',NULL,'','',NULL,NULL,'2018-10-22 01:30:16','5bcd28289263f77c9da3d886','2018-10-22 01:30:16','5bcd28289263f77c9da3d886'),('5bcd38369263f77c9da3d887',NULL,'ezemanick@gmail.com','subscribed',NULL,'','',NULL,NULL,'2018-10-22 02:38:46','5bcd38369263f77c9da3d887','2018-10-22 02:38:46','5bcd38369263f77c9da3d887'),('5bcd4b409263f77c9da3d888',NULL,'mtthwk@gmail.com','subscribed',NULL,'','',NULL,NULL,'2018-10-22 04:00:00','5bcd4b409263f77c9da3d888','2018-10-22 04:00:00','5bcd4b409263f77c9da3d888'),('5bcd4d479263f77c9da3d889',NULL,'lynnn.tori@gmail.com','subscribed',NULL,'','',NULL,NULL,'2018-10-22 04:08:39','5bcd4d479263f77c9da3d889','2018-10-22 04:08:39','5bcd4d479263f77c9da3d889'),('5bcd4f6c9263f77c9da3d88a',NULL,'r.puspitaningtyas@gmail.com','subscribed',NULL,'','',NULL,NULL,'2018-10-22 04:17:48','5bcd4f6c9263f77c9da3d88a','2018-10-22 04:17:48','5bcd4f6c9263f77c9da3d88a'),('5bcd5a1d9263f77c9da3d88b',NULL,'sallysav1@yahoo.co.uk','subscribed',NULL,'','',NULL,NULL,'2018-10-22 05:03:25','5bcd5a1d9263f77c9da3d88b','2018-10-22 05:03:25','5bcd5a1d9263f77c9da3d88b'),('5bcd95259263f77c9da3d88c',NULL,'puumcu@aol.com','subscribed',NULL,'','',NULL,NULL,'2018-10-22 09:15:17','5bcd95259263f77c9da3d88c','2018-10-22 09:15:17','5bcd95259263f77c9da3d88c'),('5bcdaa6f9263f77c9da3d88d',NULL,'gdparker73@aol.com','subscribed',NULL,'','',NULL,NULL,'2018-10-22 10:46:07','5bcdaa6f9263f77c9da3d88d','2018-10-22 10:46:07','5bcdaa6f9263f77c9da3d88d'),('5bcdaebd9263f77c9da3d88e',NULL,'robbysemail1@yahoo.com','subscribed',NULL,'','',NULL,NULL,'2018-10-22 11:04:29','5bcdaebd9263f77c9da3d88e','2018-10-22 11:04:29','5bcdaebd9263f77c9da3d88e'),('5bcdd5569263f77c9da3d88f',NULL,'info@studiosevenshop.com','subscribed',NULL,'','',NULL,NULL,'2018-10-22 13:49:10','5bcdd5569263f77c9da3d88f','2018-10-22 13:49:10','5bcdd5569263f77c9da3d88f'),('5bcdd6259263f77c9da3d890',NULL,'info@coinone.co.kr','subscribed',NULL,'','',NULL,NULL,'2018-10-22 13:52:37','5bcdd6259263f77c9da3d890','2018-10-22 13:52:37','5bcdd6259263f77c9da3d890'),('5bcdda7c9263f77c9da3d891',NULL,'mfable.news@gmail.com','subscribed',NULL,'','',NULL,NULL,'2018-10-22 14:11:08','5bcdda7c9263f77c9da3d891','2018-10-22 14:11:08','5bcdda7c9263f77c9da3d891'),('5bcdda9c9263f77c9da3d892',NULL,'bobyour843@gmail.com','subscribed',NULL,'','',NULL,NULL,'2018-10-22 14:11:40','5bcdda9c9263f77c9da3d892','2018-10-22 14:11:40','5bcdda9c9263f77c9da3d892'),('5bcde91a9263f77c9da3d893',NULL,'mrdiaz007az@yahoo.com','subscribed',NULL,'','',NULL,NULL,'2018-10-22 15:13:30','5bcde91a9263f77c9da3d893','2018-10-22 15:13:30','5bcde91a9263f77c9da3d893'),('5bcdea289263f77c9da3d894',NULL,'arlinec@aol.com','subscribed',NULL,'','',NULL,NULL,'2018-10-22 15:18:00','5bcdea289263f77c9da3d894','2018-10-22 15:18:00','5bcdea289263f77c9da3d894'),('5bcdeb039263f77c9da3d895',NULL,'ssull1010@aol.com','subscribed',NULL,'','',NULL,NULL,'2018-10-22 15:21:39','5bcdeb039263f77c9da3d895','2018-10-22 15:21:39','5bcdeb039263f77c9da3d895'),('5bcdef9c9263f77c9da3d896',NULL,'bbalis@brouwland.com','subscribed',NULL,'','',NULL,NULL,'2018-10-22 15:41:16','5bcdef9c9263f77c9da3d896','2018-10-22 15:41:16','5bcdef9c9263f77c9da3d896'),('5bce08319263f77c9da3d897',NULL,'angelbiscuitinc@yahoo.com','subscribed',NULL,'','',NULL,NULL,'2018-10-22 17:26:09','5bce08319263f77c9da3d897','2018-10-22 17:26:09','5bce08319263f77c9da3d897'),('5bce09b39263f77c9da3d898',NULL,'hansmobile@yahoo.com','subscribed',NULL,'','',NULL,NULL,'2018-10-22 17:32:35','5bce09b39263f77c9da3d898','2018-10-22 17:32:35','5bce09b39263f77c9da3d898'),('5bce0b109263f77c9da3d899',NULL,'jlparkave@yahoo.com','subscribed',NULL,'','',NULL,NULL,'2018-10-22 17:38:24','5bce0b109263f77c9da3d899','2018-10-22 17:38:24','5bce0b109263f77c9da3d899'),('5bce13479263f77c9da3d89a',NULL,'sassysheila55025@yahoo.com','subscribed',NULL,'','',NULL,NULL,'2018-10-22 18:13:27','5bce13479263f77c9da3d89a','2018-10-22 18:13:27','5bce13479263f77c9da3d89a'),('5bce16519263f77c9da3d89b',NULL,'info@goodtimegifts.nl','subscribed',NULL,'','',NULL,NULL,'2018-10-22 18:26:25','5bce16519263f77c9da3d89b','2018-10-22 18:26:25','5bce16519263f77c9da3d89b'),('5bce20239263f77c9da3d89c',NULL,'kashmishra@yahoo.com','subscribed',NULL,'','',NULL,NULL,'2018-10-22 19:08:19','5bce20239263f77c9da3d89c','2018-10-22 19:08:19','5bce20239263f77c9da3d89c'),('5bce245e9263f77c9da3d89d',NULL,'richardaders@yahoo.com','subscribed',NULL,'','',NULL,NULL,'2018-10-22 19:26:22','5bce245e9263f77c9da3d89d','2018-10-22 19:26:22','5bce245e9263f77c9da3d89d'),('5bce29659263f77c9da3d89e',NULL,'raimanb@aol.com','subscribed',NULL,'','',NULL,NULL,'2018-10-22 19:47:49','5bce29659263f77c9da3d89e','2018-10-22 19:47:49','5bce29659263f77c9da3d89e'),('5bce2bd79263f77c9da3d89f',NULL,'sprucefarm1@aol.com','subscribed',NULL,'','',NULL,NULL,'2018-10-22 19:58:15','5bce2bd79263f77c9da3d89f','2018-10-22 19:58:15','5bce2bd79263f77c9da3d89f'),('5bce2e8d9263f77c9da3d8a0',NULL,'frederick.tull@gmail.com','subscribed',NULL,'','',NULL,NULL,'2018-10-22 20:09:49','5bce2e8d9263f77c9da3d8a0','2018-10-22 20:09:49','5bce2e8d9263f77c9da3d8a0'),('5bce2e8e9263f77c9da3d8a1',NULL,'sales@brouwland.com','subscribed',NULL,'','',NULL,NULL,'2018-10-22 20:09:50','5bce2e8e9263f77c9da3d8a1','2018-10-22 20:09:50','5bce2e8e9263f77c9da3d8a1'),('5bce300c9263f77c9da3d8a2',NULL,'nazareth.castellanos@gmail.com','subscribed',NULL,'','',NULL,NULL,'2018-10-22 20:16:12','5bce300c9263f77c9da3d8a2','2018-10-22 20:16:12','5bce300c9263f77c9da3d8a2'),('5bce35189263f77c9da3d8a3',NULL,'ezupevec@gmail.com','subscribed',NULL,'','',NULL,NULL,'2018-10-22 20:37:44','5bce35189263f77c9da3d8a3','2018-10-22 20:37:44','5bce35189263f77c9da3d8a3'),('5bce354d9263f77c9da3d8a4',NULL,'cyntrawalker@gmail.com','subscribed',NULL,'','',NULL,NULL,'2018-10-22 20:38:37','5bce354d9263f77c9da3d8a4','2018-10-22 20:38:37','5bce354d9263f77c9da3d8a4'),('5bce3bc99263f77c9da3d8a5',NULL,'kathryn@elteccorp.com','subscribed',NULL,'','',NULL,NULL,'2018-10-22 21:06:17','5bce3bc99263f77c9da3d8a5','2018-10-22 21:06:17','5bce3bc99263f77c9da3d8a5'),('5bce47c19263f77c9da3d8a6',NULL,'rg1313@aol.com','subscribed',NULL,'','',NULL,NULL,'2018-10-22 21:57:21','5bce47c19263f77c9da3d8a6','2018-10-22 21:57:21','5bce47c19263f77c9da3d8a6'),('5bce4a2b9263f77c9da3d8a7',NULL,'thumpurr47@yahoo.com','subscribed',NULL,'','',NULL,NULL,'2018-10-22 22:07:39','5bce4a2b9263f77c9da3d8a7','2018-10-22 22:07:39','5bce4a2b9263f77c9da3d8a7'),('5bce4ad49263f77c9da3d8a8',NULL,'johncarr73@gmail.com','subscribed',NULL,'','',NULL,NULL,'2018-10-22 22:10:28','5bce4ad49263f77c9da3d8a8','2018-10-22 22:10:28','5bce4ad49263f77c9da3d8a8'),('5bce52919263f77c9da3d8a9',NULL,'bryanwinograd@gmail.com','subscribed',NULL,'','',NULL,NULL,'2018-10-22 22:43:29','5bce52919263f77c9da3d8a9','2018-10-22 22:43:29','5bce52919263f77c9da3d8a9'),('5bce57d99263f77c9da3d8aa',NULL,'ben.brethauer@gmail.com','subscribed',NULL,'','',NULL,NULL,'2018-10-22 23:06:01','5bce57d99263f77c9da3d8aa','2018-10-22 23:06:01','5bce57d99263f77c9da3d8aa'),('5bce5f289263f77c9da3d8ab',NULL,'dimplesmagee21@yahoo.com','subscribed',NULL,'','',NULL,NULL,'2018-10-22 23:37:12','5bce5f289263f77c9da3d8ab','2018-10-22 23:37:12','5bce5f289263f77c9da3d8ab'),('5bce7bf39263f77c9da3d8ac',NULL,'kdeininger4@gmail.com','subscribed',NULL,'','',NULL,NULL,'2018-10-23 01:40:03','5bce7bf39263f77c9da3d8ac','2018-10-23 01:40:03','5bce7bf39263f77c9da3d8ac'),('5bce89269263f77c9da3d8ad',NULL,'lttlelindsey@yahoo.com','subscribed',NULL,'','',NULL,NULL,'2018-10-23 02:36:22','5bce89269263f77c9da3d8ad','2018-10-23 02:36:22','5bce89269263f77c9da3d8ad'),('5bce9db49263f77c9da3d8ae',NULL,'cheri21029@aol.com','subscribed',NULL,'','',NULL,NULL,'2018-10-23 04:04:04','5bce9db49263f77c9da3d8ae','2018-10-23 04:04:04','5bce9db49263f77c9da3d8ae'),('5bced4809263f77c9da3d8af',NULL,'meagan.kennedy@yahoo.com','subscribed',NULL,'','',NULL,NULL,'2018-10-23 07:57:52','5bced4809263f77c9da3d8af','2018-10-23 07:57:52','5bced4809263f77c9da3d8af'),('5bcedfff9263f77c9da3d8b0',NULL,'michaelkapischke@yahoo.de','subscribed',NULL,'','',NULL,NULL,'2018-10-23 08:46:55','5bcedfff9263f77c9da3d8b0','2018-10-23 08:46:55','5bcedfff9263f77c9da3d8b0'),('5bcee96b9263f77c9da3d8b1',NULL,'cmveyes@yahoo.com','subscribed',NULL,'','',NULL,NULL,'2018-10-23 09:27:07','5bcee96b9263f77c9da3d8b1','2018-10-23 09:27:07','5bcee96b9263f77c9da3d8b1'),('5bceeb6f9263f77c9da3d8b2',NULL,'mingledtogether@aol.com','subscribed',NULL,'','',NULL,NULL,'2018-10-23 09:35:43','5bceeb6f9263f77c9da3d8b2','2018-10-23 09:35:43','5bceeb6f9263f77c9da3d8b2'),('5bcef6079263f77c9da3d8b3',NULL,'mlvkitty@yahoo.com','subscribed',NULL,'','',NULL,NULL,'2018-10-23 10:20:55','5bcef6079263f77c9da3d8b3','2018-10-23 10:20:55','5bcef6079263f77c9da3d8b3'),('5bcefaca9263f77c9da3d8b4',NULL,'kristyklewis74@yahoo.com','subscribed',NULL,'','',NULL,NULL,'2018-10-23 10:41:14','5bcefaca9263f77c9da3d8b4','2018-10-23 10:41:14','5bcefaca9263f77c9da3d8b4'),('5bcefe079263f77c9da3d8b5',NULL,'funkfoursome@aol.com','subscribed',NULL,'','',NULL,NULL,'2018-10-23 10:55:03','5bcefe079263f77c9da3d8b5','2018-10-23 10:55:03','5bcefe079263f77c9da3d8b5'),('5bcf092c9263f77c9da3d8b6',NULL,'markstorms47@yahoo.com','subscribed',NULL,'','',NULL,NULL,'2018-10-23 11:42:36','5bcf092c9263f77c9da3d8b6','2018-10-23 11:42:36','5bcf092c9263f77c9da3d8b6'),('5bcf0adb9263f77c9da3d8b7',NULL,'davied.cheri@gmail.com','subscribed',NULL,'','',NULL,NULL,'2018-10-23 11:49:47','5bcf0adb9263f77c9da3d8b7','2018-10-23 11:49:47','5bcf0adb9263f77c9da3d8b7'),('5bcf0ff09263f77c9da3d8b8',NULL,'thepo1@aol.com','subscribed',NULL,'','',NULL,NULL,'2018-10-23 12:11:28','5bcf0ff09263f77c9da3d8b8','2018-10-23 12:11:28','5bcf0ff09263f77c9da3d8b8'),('5bcf15189263f77c9da3d8b9',NULL,'cdiedwards@yahoo.com','subscribed',NULL,'','',NULL,NULL,'2018-10-23 12:33:28','5bcf15189263f77c9da3d8b9','2018-10-23 12:33:28','5bcf15189263f77c9da3d8b9'),('5bcf1c869263f77c9da3d8ba',NULL,'jaydanderson@gmail.com','subscribed',NULL,'','',NULL,NULL,'2018-10-23 13:05:10','5bcf1c869263f77c9da3d8ba','2018-10-23 13:05:10','5bcf1c869263f77c9da3d8ba'),('5bcf26ec9263f77c9da3d8bb',NULL,'magrocca@yahoo.com','subscribed',NULL,'','',NULL,NULL,'2018-10-23 13:49:32','5bcf26ec9263f77c9da3d8bb','2018-10-23 13:49:32','5bcf26ec9263f77c9da3d8bb'),('5bcf36679263f77c9da3d8bc',NULL,'bpoitevintlee@yahoo.com','subscribed',NULL,'','',NULL,NULL,'2018-10-23 14:55:35','5bcf36679263f77c9da3d8bc','2018-10-23 14:55:35','5bcf36679263f77c9da3d8bc'),('5bcf376b9263f77c9da3d8bd',NULL,'rb_rb2003@yahoo.com','subscribed',NULL,'','',NULL,NULL,'2018-10-23 14:59:55','5bcf376b9263f77c9da3d8bd','2018-10-23 14:59:55','5bcf376b9263f77c9da3d8bd'),('5bcf3df09263f77c9da3d8be',NULL,'jhuynh939@yahoo.com','subscribed',NULL,'','',NULL,NULL,'2018-10-23 15:27:44','5bcf3df09263f77c9da3d8be','2018-10-23 15:27:44','5bcf3df09263f77c9da3d8be'),('5bcf40769263f77c9da3d8bf',NULL,'rsherih@gmail.com','subscribed',NULL,'','',NULL,NULL,'2018-10-23 15:38:30','5bcf40769263f77c9da3d8bf','2018-10-23 15:38:30','5bcf40769263f77c9da3d8bf'),('5bcf41409263f77c9da3d8c0',NULL,'dennisonmichelle@yahoo.com','subscribed',NULL,'','',NULL,NULL,'2018-10-23 15:41:52','5bcf41409263f77c9da3d8c0','2018-10-23 15:41:52','5bcf41409263f77c9da3d8c0'),('5bcf428c9263f77c9da3d8c1',NULL,'browns329@yahoo.com','subscribed',NULL,'','',NULL,NULL,'2018-10-23 15:47:24','5bcf428c9263f77c9da3d8c1','2018-10-23 15:47:24','5bcf428c9263f77c9da3d8c1'),('5bcf43499263f77c9da3d8c2',NULL,'en1215en@aol.com','subscribed',NULL,'','',NULL,NULL,'2018-10-23 15:50:33','5bcf43499263f77c9da3d8c2','2018-10-23 15:50:33','5bcf43499263f77c9da3d8c2'),('5bcf46ca9263f77c9da3d8c3',NULL,'titus4433@yahoo.com','subscribed',NULL,'','',NULL,NULL,'2018-10-23 16:05:30','5bcf46ca9263f77c9da3d8c3','2018-10-23 16:05:30','5bcf46ca9263f77c9da3d8c3'),('5bcf55139263f77c9da3d8c4',NULL,'amelstrlm@yahoo.com','subscribed',NULL,'','',NULL,NULL,'2018-10-23 17:06:27','5bcf55139263f77c9da3d8c4','2018-10-23 17:06:27','5bcf55139263f77c9da3d8c4'),('5bcf609a9263f77c9da3d8c7',NULL,'bbible95@gmail.com','subscribed',NULL,'','',NULL,NULL,'2018-10-23 17:55:38','5bcf609a9263f77c9da3d8c7','2018-10-23 17:55:38','5bcf609a9263f77c9da3d8c7'),('5bcf630b9263f77c9da3d8c8',NULL,'cauthgreg@aol.com','subscribed',NULL,'','',NULL,NULL,'2018-10-23 18:06:03','5bcf630b9263f77c9da3d8c8','2018-10-23 18:06:03','5bcf630b9263f77c9da3d8c8'),('5bcf6afc9263f77c9da3d8c9',NULL,'walbeck5@yahoo.com','subscribed',NULL,'','',NULL,NULL,'2018-10-23 18:39:56','5bcf6afc9263f77c9da3d8c9','2018-10-23 18:39:56','5bcf6afc9263f77c9da3d8c9'),('5bcf74649263f77c9da3d8ca',NULL,'missimessi@aol.com','subscribed',NULL,'','',NULL,NULL,'2018-10-23 19:20:04','5bcf74649263f77c9da3d8ca','2018-10-23 19:20:04','5bcf74649263f77c9da3d8ca'),('5bcf8c129263f77c9da3d8cb',NULL,'lkmates@aol.com','subscribed',NULL,'','',NULL,NULL,'2018-10-23 21:01:06','5bcf8c129263f77c9da3d8cb','2018-10-23 21:01:06','5bcf8c129263f77c9da3d8cb'),('5bcf8dfe9263f77c9da3d8cc',NULL,'ckies1@aol.com','subscribed',NULL,'','',NULL,NULL,'2018-10-23 21:09:18','5bcf8dfe9263f77c9da3d8cc','2018-10-23 21:09:18','5bcf8dfe9263f77c9da3d8cc'),('5bcf8eca9263f77c9da3d8cd',NULL,'brittlarson2289@aol.com','subscribed',NULL,'','',NULL,NULL,'2018-10-23 21:12:42','5bcf8eca9263f77c9da3d8cd','2018-10-23 21:12:42','5bcf8eca9263f77c9da3d8cd'),('5bcf8f519263f77c9da3d8ce',NULL,'tgspalding@att.net','subscribed',NULL,'','',NULL,NULL,'2018-10-23 21:14:57','5bcf8f519263f77c9da3d8ce','2018-10-23 21:14:57','5bcf8f519263f77c9da3d8ce'),('5bcf95109263f77c9da3d8cf',NULL,'stevekelley1947@gmail.com','subscribed',NULL,'','',NULL,NULL,'2018-10-23 21:39:28','5bcf95109263f77c9da3d8cf','2018-10-23 21:39:28','5bcf95109263f77c9da3d8cf'),('5bcf96519263f77c9da3d8d0',NULL,'zhamyr@aol.com','subscribed',NULL,'','',NULL,NULL,'2018-10-23 21:44:49','5bcf96519263f77c9da3d8d0','2018-10-23 21:44:49','5bcf96519263f77c9da3d8d0'),('5bcf97419263f77c9da3d8d1',NULL,'jameslorevil@aol.com','subscribed',NULL,'','',NULL,NULL,'2018-10-23 21:48:49','5bcf97419263f77c9da3d8d1','2018-10-23 21:48:49','5bcf97419263f77c9da3d8d1'),('5bcf98e79263f77c9da3d8d2',NULL,'vivianajunc@yahoo.com','subscribed',NULL,'','',NULL,NULL,'2018-10-23 21:55:51','5bcf98e79263f77c9da3d8d2','2018-10-23 21:55:51','5bcf98e79263f77c9da3d8d2'),('5bcf9ab29263f77c9da3d8d3',NULL,'kmgmartialarts@aol.com','subscribed',NULL,'','',NULL,NULL,'2018-10-23 22:03:30','5bcf9ab29263f77c9da3d8d3','2018-10-23 22:03:30','5bcf9ab29263f77c9da3d8d3'),('5bcf9e559263f77c9da3d8d4',NULL,'monteandbj@yahoo.com','subscribed',NULL,'','',NULL,NULL,'2018-10-23 22:19:01','5bcf9e559263f77c9da3d8d4','2018-10-23 22:19:01','5bcf9e559263f77c9da3d8d4'),('5bcf9e629263f77c9da3d8d5',NULL,'kitcunsay@yahoo.com','subscribed',NULL,'','',NULL,NULL,'2018-10-23 22:19:14','5bcf9e629263f77c9da3d8d5','2018-10-23 22:19:14','5bcf9e629263f77c9da3d8d5'),('5bcfa21d9263f77c9da3d8d6',NULL,'denequus@gmail.com','subscribed',NULL,'','',NULL,NULL,'2018-10-23 22:35:09','5bcfa21d9263f77c9da3d8d6','2018-10-23 22:35:09','5bcfa21d9263f77c9da3d8d6'),('5bcfa2d29263f77c9da3d8d7',NULL,'kosmanscvhpnt@yahoo.com','subscribed',NULL,'','',NULL,NULL,'2018-10-23 22:38:10','5bcfa2d29263f77c9da3d8d7','2018-10-23 22:38:10','5bcfa2d29263f77c9da3d8d7'),('5bcfa87e9263f77c9da3d8d8',NULL,'abuse@cock.li','subscribed',NULL,'','',NULL,NULL,'2018-10-23 23:02:22','5bcfa87e9263f77c9da3d8d8','2018-10-23 23:02:22','5bcfa87e9263f77c9da3d8d8'),('5bcfb1619263f77c9da3d8d9',NULL,'smqwe2004@yahoo.com','subscribed',NULL,'','',NULL,NULL,'2018-10-23 23:40:17','5bcfb1619263f77c9da3d8d9','2018-10-23 23:40:17','5bcfb1619263f77c9da3d8d9'),('5bcfb7259263f77c9da3d8da',NULL,'sarahmarietownsend@gmail.com','subscribed',NULL,'','',NULL,NULL,'2018-10-24 00:04:53','5bcfb7259263f77c9da3d8da','2018-10-24 00:04:53','5bcfb7259263f77c9da3d8da'),('5bcfbebf9263f77c9da3d8db',NULL,'valdes99@aol.com','subscribed',NULL,'','',NULL,NULL,'2018-10-24 00:37:19','5bcfbebf9263f77c9da3d8db','2018-10-24 00:37:19','5bcfbebf9263f77c9da3d8db'),('5bcfc52b9263f77c9da3d8dc',NULL,'johnphillips55@mac.com','subscribed',NULL,'','',NULL,NULL,'2018-10-24 01:04:43','5bcfc52b9263f77c9da3d8dc','2018-10-24 01:04:43','5bcfc52b9263f77c9da3d8dc'),('5bcff1c09263f77c9da3d8dd',NULL,'jackey.zellweger@gmail.com','subscribed',NULL,'','',NULL,NULL,'2018-10-24 04:14:56','5bcff1c09263f77c9da3d8dd','2018-10-24 04:14:56','5bcff1c09263f77c9da3d8dd'),('5bcff8809263f77c9da3d8de',NULL,'crystalspa03@aol.com','subscribed',NULL,'','',NULL,NULL,'2018-10-24 04:43:44','5bcff8809263f77c9da3d8de','2018-10-24 04:43:44','5bcff8809263f77c9da3d8de'),('5bcffd9b9263f77c9da3d8df',NULL,'slic1@comcast.net','subscribed',NULL,'','',NULL,NULL,'2018-10-24 05:05:31','5bcffd9b9263f77c9da3d8df','2018-10-24 05:05:31','5bcffd9b9263f77c9da3d8df'),('5bd00b189263f77c9da3d8e0',NULL,'amandaeberts14@gmail.com','subscribed',NULL,'','',NULL,NULL,'2018-10-24 06:03:04','5bd00b189263f77c9da3d8e0','2018-10-24 06:03:04','5bd00b189263f77c9da3d8e0'),('5bd06f0f9263f77c9da3d8e1',NULL,'icheer4k@aol.com','subscribed',NULL,'','',NULL,NULL,'2018-10-24 13:09:35','5bd06f0f9263f77c9da3d8e1','2018-10-24 13:09:35','5bd06f0f9263f77c9da3d8e1'),('5bd075909263f77c9da3d8e2',NULL,'bdmsteve@gmail.com','subscribed',NULL,'','',NULL,NULL,'2018-10-24 13:37:20','5bd075909263f77c9da3d8e2','2018-10-24 13:37:20','5bd075909263f77c9da3d8e2'),('5bd07d129263f77c9da3d8e3',NULL,'maurafilar@comcast.net','subscribed',NULL,'','',NULL,NULL,'2018-10-24 14:09:22','5bd07d129263f77c9da3d8e3','2018-10-24 14:09:22','5bd07d129263f77c9da3d8e3'),('5bd08fac9263f77c9da3d8e4',NULL,'cher38s@yahoo.com','subscribed',NULL,'','',NULL,NULL,'2018-10-24 15:28:44','5bd08fac9263f77c9da3d8e4','2018-10-24 15:28:44','5bd08fac9263f77c9da3d8e4'),('5bd08fb79263f77c9da3d8e5',NULL,'actiontkr@aol.com','subscribed',NULL,'','',NULL,NULL,'2018-10-24 15:28:55','5bd08fb79263f77c9da3d8e5','2018-10-24 15:28:55','5bd08fb79263f77c9da3d8e5'),('5bd0970b9263f77c9da3d8e6',NULL,'raylonwms@aol.com','subscribed',NULL,'','',NULL,NULL,'2018-10-24 16:00:11','5bd0970b9263f77c9da3d8e6','2018-10-24 16:00:11','5bd0970b9263f77c9da3d8e6'),('5bd09a879263f77c9da3d8e7',NULL,'supermomsrock@yahoo.com','subscribed',NULL,'','',NULL,NULL,'2018-10-24 16:15:03','5bd09a879263f77c9da3d8e7','2018-10-24 16:15:03','5bd09a879263f77c9da3d8e7'),('5bd0a0ce9263f77c9da3d8e8',NULL,'lavender2720@gmail.com','subscribed',NULL,'','',NULL,NULL,'2018-10-24 16:41:50','5bd0a0ce9263f77c9da3d8e8','2018-10-24 16:41:50','5bd0a0ce9263f77c9da3d8e8'),('5bd0a31b9263f77c9da3d8e9',NULL,'supermotoitalia@gmail.com','subscribed',NULL,'','',NULL,NULL,'2018-10-24 16:51:39','5bd0a31b9263f77c9da3d8e9','2018-10-24 16:51:39','5bd0a31b9263f77c9da3d8e9'),('5bd0aed99263f77c9da3d8ea',NULL,'mleighwestfall@gmail.com','subscribed',NULL,'','',NULL,NULL,'2018-10-24 17:41:45','5bd0aed99263f77c9da3d8ea','2018-10-24 17:41:45','5bd0aed99263f77c9da3d8ea'),('5bd0b1769263f77c9da3d8eb',NULL,'fenitaloving@gmail.com','subscribed',NULL,'','',NULL,NULL,'2018-10-24 17:52:54','5bd0b1769263f77c9da3d8eb','2018-10-24 17:52:54','5bd0b1769263f77c9da3d8eb'),('5bd0b5449263f77c9da3d8ec',NULL,'cannongc@aol.com','subscribed',NULL,'','',NULL,NULL,'2018-10-24 18:09:08','5bd0b5449263f77c9da3d8ec','2018-10-24 18:09:08','5bd0b5449263f77c9da3d8ec'),('5bd0beb39263f77c9da3d8ed',NULL,'generationsautobilling@gmail.com','subscribed',NULL,'','',NULL,NULL,'2018-10-24 18:49:23','5bd0beb39263f77c9da3d8ed','2018-10-24 18:49:23','5bd0beb39263f77c9da3d8ed'),('5bd0c6199263f77c9da3d8ee',NULL,'canda92477@aol.com','subscribed',NULL,'','',NULL,NULL,'2018-10-24 19:20:57','5bd0c6199263f77c9da3d8ee','2018-10-24 19:20:57','5bd0c6199263f77c9da3d8ee'),('5bd0c8bb9263f77c9da3d8ef',NULL,'meldroberts@yahoo.com','subscribed',NULL,'','',NULL,NULL,'2018-10-24 19:32:11','5bd0c8bb9263f77c9da3d8ef','2018-10-24 19:32:11','5bd0c8bb9263f77c9da3d8ef'),('5bd0d1199263f77c9da3d8f0',NULL,'bmcduell4@aol.com','subscribed',NULL,'','',NULL,NULL,'2018-10-24 20:07:53','5bd0d1199263f77c9da3d8f0','2018-10-24 20:07:53','5bd0d1199263f77c9da3d8f0'),('5bd0d2f79263f77c9da3d8f1',NULL,'mg46131@aol.com','subscribed',NULL,'','',NULL,NULL,'2018-10-24 20:15:51','5bd0d2f79263f77c9da3d8f1','2018-10-24 20:15:51','5bd0d2f79263f77c9da3d8f1'),('5bd0d74f9263f77c9da3d8f2',NULL,'karthikganeshh@gmail.com','subscribed',NULL,'','',NULL,NULL,'2018-10-24 20:34:23','5bd0d74f9263f77c9da3d8f2','2018-10-24 20:34:23','5bd0d74f9263f77c9da3d8f2'),('5bd0dcd29263f77c9da3d8f3',NULL,'metaak44@yahoo.com','subscribed',NULL,'','',NULL,NULL,'2018-10-24 20:57:54','5bd0dcd29263f77c9da3d8f3','2018-10-24 20:57:54','5bd0dcd29263f77c9da3d8f3'),('5bd0dda59263f77c9da3d8f4',NULL,'mtthwk@yahoo.com','subscribed',NULL,'','',NULL,NULL,'2018-10-24 21:01:25','5bd0dda59263f77c9da3d8f4','2018-10-24 21:01:25','5bd0dda59263f77c9da3d8f4'),('5bd0e1079263f77c9da3d8f5',NULL,'stevebow56@yahoo.com','subscribed',NULL,'','',NULL,NULL,'2018-10-24 21:15:51','5bd0e1079263f77c9da3d8f5','2018-10-24 21:15:51','5bd0e1079263f77c9da3d8f5'),('5bd0e1689263f77c9da3d8f6',NULL,'fjcagers@sbcglobal.net','subscribed',NULL,'','',NULL,NULL,'2018-10-24 21:17:28','5bd0e1689263f77c9da3d8f6','2018-10-24 21:17:28','5bd0e1689263f77c9da3d8f6'),('5bd0e7189263f77c9da3d8f7',NULL,'hitald@yahoo.com','subscribed',NULL,'','',NULL,NULL,'2018-10-24 21:41:44','5bd0e7189263f77c9da3d8f7','2018-10-24 21:41:44','5bd0e7189263f77c9da3d8f7'),('5bd0e9a59263f77c9da3d8f8',NULL,'davidhearn@bellsouth.net','subscribed',NULL,'','',NULL,NULL,'2018-10-24 21:52:37','5bd0e9a59263f77c9da3d8f8','2018-10-24 21:52:37','5bd0e9a59263f77c9da3d8f8'),('5bd0e9e39263f77c9da3d8f9',NULL,'jlw7815@yahoo.com','subscribed',NULL,'','',NULL,NULL,'2018-10-24 21:53:39','5bd0e9e39263f77c9da3d8f9','2018-10-24 21:53:39','5bd0e9e39263f77c9da3d8f9'),('5bd0ea529263f77c9da3d8fa',NULL,'alawrence@greatlakesmc.com','subscribed',NULL,'','',NULL,NULL,'2018-10-24 21:55:30','5bd0ea529263f77c9da3d8fa','2018-10-24 21:55:30','5bd0ea529263f77c9da3d8fa'),('5bd0f0639263f77c9da3d8fb',NULL,'support@proxy6.net','subscribed',NULL,'','',NULL,NULL,'2018-10-24 22:21:23','5bd0f0639263f77c9da3d8fb','2018-10-24 22:21:23','5bd0f0639263f77c9da3d8fb'),('5bd0f2909263f77c9da3d8fc',NULL,'terriabsher@gmail.com','subscribed',NULL,'','',NULL,NULL,'2018-10-24 22:30:40','5bd0f2909263f77c9da3d8fc','2018-10-24 22:30:40','5bd0f2909263f77c9da3d8fc'),('5bd0f4139263f77c9da3d8fd',NULL,'d22866@gmail.com','subscribed',NULL,'','',NULL,NULL,'2018-10-24 22:37:07','5bd0f4139263f77c9da3d8fd','2018-10-24 22:37:07','5bd0f4139263f77c9da3d8fd'),('5bd0f6309263f77c9da3d8fe',NULL,'bawston0178@yahoo.com','subscribed',NULL,'','',NULL,NULL,'2018-10-24 22:46:08','5bd0f6309263f77c9da3d8fe','2018-10-24 22:46:08','5bd0f6309263f77c9da3d8fe'),('5bd0fc179263f77c9da3d8ff',NULL,'yvonne_3008@yahoo.com','subscribed',NULL,'','',NULL,NULL,'2018-10-24 23:11:19','5bd0fc179263f77c9da3d8ff','2018-10-24 23:11:19','5bd0fc179263f77c9da3d8ff'),('5bd0fc759263f77c9da3d900',NULL,'gennaro.scialo@gmail.com','subscribed',NULL,'','',NULL,NULL,'2018-10-24 23:12:53','5bd0fc759263f77c9da3d900','2018-10-24 23:12:53','5bd0fc759263f77c9da3d900'),('5bd0fcb89263f77c9da3d901',NULL,'grammarchik@gmail.com','subscribed',NULL,'','',NULL,NULL,'2018-10-24 23:14:00','5bd0fcb89263f77c9da3d901','2018-10-24 23:14:00','5bd0fcb89263f77c9da3d901'),('5bd0ff559263f77c9da3d902',NULL,'spzwest@gmail.com','subscribed',NULL,'','',NULL,NULL,'2018-10-24 23:25:09','5bd0ff559263f77c9da3d902','2018-10-24 23:25:09','5bd0ff559263f77c9da3d902'),('5bd1027f9263f77c9da3d903',NULL,'o.katie_517@yahoo.com','subscribed',NULL,'','',NULL,NULL,'2018-10-24 23:38:39','5bd1027f9263f77c9da3d903','2018-10-24 23:38:39','5bd1027f9263f77c9da3d903'),('5bd103cb9263f77c9da3d904',NULL,'carly.longton@aol.com','subscribed',NULL,'','',NULL,NULL,'2018-10-24 23:44:11','5bd103cb9263f77c9da3d904','2018-10-24 23:44:11','5bd103cb9263f77c9da3d904'),('5bd107db9263f77c9da3d905',NULL,'teresa.simplot@gmail.com','subscribed',NULL,'','',NULL,NULL,'2018-10-25 00:01:31','5bd107db9263f77c9da3d905','2018-10-25 00:01:31','5bd107db9263f77c9da3d905'),('5bd10b739263f77c9da3d906',NULL,'csmith1812@gmail.com','subscribed',NULL,'','',NULL,NULL,'2018-10-25 00:16:51','5bd10b739263f77c9da3d906','2018-10-25 00:16:51','5bd10b739263f77c9da3d906'),('5bd11b519263f77c9da3d907',NULL,'eric.bonneu@brouwland.com','subscribed',NULL,'','',NULL,NULL,'2018-10-25 01:24:33','5bd11b519263f77c9da3d907','2018-10-25 01:24:33','5bd11b519263f77c9da3d907'),('5bd123009263f77c9da3d908',NULL,'jessielcraig@gmail.com','subscribed',NULL,'','',NULL,NULL,'2018-10-25 01:57:20','5bd123009263f77c9da3d908','2018-10-25 01:57:20','5bd123009263f77c9da3d908'),('5bd12dbe9263f77c9da3d909',NULL,'k_averitt@yahoo.com','subscribed',NULL,'','',NULL,NULL,'2018-10-25 02:43:10','5bd12dbe9263f77c9da3d909','2018-10-25 02:43:10','5bd12dbe9263f77c9da3d909'),('5bd141bf9263f77c9da3d90a',NULL,'sandeep.juj@gmail.com','subscribed',NULL,'','',NULL,NULL,'2018-10-25 04:08:31','5bd141bf9263f77c9da3d90a','2018-10-25 04:08:31','5bd141bf9263f77c9da3d90a'),('5bd14bb39263f77c9da3d90b',NULL,'seeds73@gmail.com','subscribed',NULL,'','',NULL,NULL,'2018-10-25 04:50:59','5bd14bb39263f77c9da3d90b','2018-10-25 04:50:59','5bd14bb39263f77c9da3d90b'),('5bd1657c9263f77c9da3d90c',NULL,'melly6@gmail.com','subscribed',NULL,'','',NULL,NULL,'2018-10-25 06:41:00','5bd1657c9263f77c9da3d90c','2018-10-25 06:41:00','5bd1657c9263f77c9da3d90c'),('5bd1898d9263f77c9da3d90d',NULL,'farohmo412@gmail.com','subscribed',NULL,'','',NULL,NULL,'2018-10-25 09:14:53','5bd1898d9263f77c9da3d90d','2018-10-25 09:14:53','5bd1898d9263f77c9da3d90d'),('5bd18b129263f77c9da3d90e',NULL,'njcarroll17@yahoo.com','subscribed',NULL,'','',NULL,NULL,'2018-10-25 09:21:22','5bd18b129263f77c9da3d90e','2018-10-25 09:21:22','5bd18b129263f77c9da3d90e'),('5bd19b609263f77c9da3d90f',NULL,'rdabbailey@gmail.com','subscribed',NULL,'','',NULL,NULL,'2018-10-25 10:30:56','5bd19b609263f77c9da3d90f','2018-10-25 10:30:56','5bd19b609263f77c9da3d90f'),('5bd1ac8d9263f77c9da3d910',NULL,'summer_hance@yahoo.com','subscribed',NULL,'','',NULL,NULL,'2018-10-25 11:44:13','5bd1ac8d9263f77c9da3d910','2018-10-25 11:44:13','5bd1ac8d9263f77c9da3d910'),('5bd1b9129263f77c9da3d911',NULL,'alyousif@yahoo.com','subscribed',NULL,'','',NULL,NULL,'2018-10-25 12:37:38','5bd1b9129263f77c9da3d911','2018-10-25 12:37:38','5bd1b9129263f77c9da3d911'),('5bd1babf9263f77c9da3d912',NULL,'joyrhoads11@gmail.com','subscribed',NULL,'','',NULL,NULL,'2018-10-25 12:44:47','5bd1babf9263f77c9da3d912','2018-10-25 12:44:47','5bd1babf9263f77c9da3d912'),('5bd1caa79263f77c9da3d913',NULL,'rubyfish312@gmail.com','subscribed',NULL,'','',NULL,NULL,'2018-10-25 13:52:39','5bd1caa79263f77c9da3d913','2018-10-25 13:52:39','5bd1caa79263f77c9da3d913'),('5bd1d1b09263f77c9da3d914',NULL,'emagette@yahoo.com','subscribed',NULL,'','',NULL,NULL,'2018-10-25 14:22:40','5bd1d1b09263f77c9da3d914','2018-10-25 14:22:40','5bd1d1b09263f77c9da3d914'),('5bd1db8c9263f77c9da3d915',NULL,'aludwiglhs@gmail.com','subscribed',NULL,'','',NULL,NULL,'2018-10-25 15:04:44','5bd1db8c9263f77c9da3d915','2018-10-25 15:04:44','5bd1db8c9263f77c9da3d915'),('5bd1e0bc9263f77c9da3d916',NULL,'info@brouwland.com','subscribed',NULL,'','',NULL,NULL,'2018-10-25 15:26:52','5bd1e0bc9263f77c9da3d916','2018-10-25 15:26:52','5bd1e0bc9263f77c9da3d916'),('5bd1eb9b9263f77c9da3d917',NULL,'kevbell@netflash.net','subscribed',NULL,'','',NULL,NULL,'2018-10-25 16:13:15','5bd1eb9b9263f77c9da3d917','2018-10-25 16:13:15','5bd1eb9b9263f77c9da3d917'),('5bd1f7269263f77c9da3d918',NULL,'herb1940@aol.com','subscribed',NULL,'','',NULL,NULL,'2018-10-25 17:02:30','5bd1f7269263f77c9da3d918','2018-10-25 17:02:30','5bd1f7269263f77c9da3d918'),('5bd2098c9263f77c9da3d91b',NULL,'kebutler1@yahoo.co.uk','subscribed',NULL,'','',NULL,NULL,'2018-10-25 18:21:00','5bd2098c9263f77c9da3d91b','2018-10-25 18:21:00','5bd2098c9263f77c9da3d91b'),('5bd215389263f77c9da3d91c',NULL,'tessa.pauwels@brouwland.com','subscribed',NULL,'','',NULL,NULL,'2018-10-25 19:10:48','5bd215389263f77c9da3d91c','2018-10-25 19:10:48','5bd215389263f77c9da3d91c'),('5bd2188d9263f77c9da3d91d',NULL,'markduvall2004@yahoo.com','subscribed',NULL,'','',NULL,NULL,'2018-10-25 19:25:01','5bd2188d9263f77c9da3d91d','2018-10-25 19:25:01','5bd2188d9263f77c9da3d91d'),('5bd21e4a9263f77c9da3d91e',NULL,'cabin4306@gmail.com','subscribed',NULL,'','',NULL,NULL,'2018-10-25 19:49:30','5bd21e4a9263f77c9da3d91e','2018-10-25 19:49:30','5bd21e4a9263f77c9da3d91e'),('5bd220ab9263f77c9da3d91f',NULL,'mjmtruckrepair@aol.com','subscribed',NULL,'','',NULL,NULL,'2018-10-25 19:59:39','5bd220ab9263f77c9da3d91f','2018-10-25 19:59:39','5bd220ab9263f77c9da3d91f'),('5bd223e69263f77c9da3d920',NULL,'lorraineeem@yahoo.com','subscribed',NULL,'','',NULL,NULL,'2018-10-25 20:13:26','5bd223e69263f77c9da3d920','2018-10-25 20:13:26','5bd223e69263f77c9da3d920'),('5bd2272f9263f77c9da3d921',NULL,'amylawrencegraves@yahoo.com','subscribed',NULL,'','',NULL,NULL,'2018-10-25 20:27:27','5bd2272f9263f77c9da3d921','2018-10-25 20:27:27','5bd2272f9263f77c9da3d921'),('5bd22e269263f77c9da3d922',NULL,'acohen@linknowmedia.com','subscribed',NULL,'','',NULL,NULL,'2018-10-25 20:57:10','5bd22e269263f77c9da3d922','2018-10-25 20:57:10','5bd22e269263f77c9da3d922'),('5bd22ffa9263f77c9da3d923',NULL,'grilo86@aol.com','subscribed',NULL,'','',NULL,NULL,'2018-10-25 21:04:58','5bd22ffa9263f77c9da3d923','2018-10-25 21:04:58','5bd22ffa9263f77c9da3d923'),('5bd235069263f77c9da3d924',NULL,'saveathoncc@gmail.com','subscribed',NULL,'','',NULL,NULL,'2018-10-25 21:26:30','5bd235069263f77c9da3d924','2018-10-25 21:26:30','5bd235069263f77c9da3d924'),('5bd24d5e9263f77c9da3d925',NULL,'gabesmom60@yahoo.com','subscribed',NULL,'','',NULL,NULL,'2018-10-25 23:10:22','5bd24d5e9263f77c9da3d925','2018-10-25 23:10:22','5bd24d5e9263f77c9da3d925'),('5bd251e99263f77c9da3d926',NULL,'syoder102@gmail.com','subscribed',NULL,'','',NULL,NULL,'2018-10-25 23:29:45','5bd251e99263f77c9da3d926','2018-10-25 23:29:45','5bd251e99263f77c9da3d926'),('5bd254349263f77c9da3d927',NULL,'lmorris331@aol.com','subscribed',NULL,'','',NULL,NULL,'2018-10-25 23:39:32','5bd254349263f77c9da3d927','2018-10-25 23:39:32','5bd254349263f77c9da3d927'),('5bd255dd9263f77c9da3d928',NULL,'softballgirl199812@yahoo.com','subscribed',NULL,'','',NULL,NULL,'2018-10-25 23:46:37','5bd255dd9263f77c9da3d928','2018-10-25 23:46:37','5bd255dd9263f77c9da3d928'),('5bd265c99263f77c9da3d929',NULL,'bradleyshear@yahoo.com','subscribed',NULL,'','',NULL,NULL,'2018-10-26 00:54:33','5bd265c99263f77c9da3d929','2018-10-26 00:54:33','5bd265c99263f77c9da3d929'),('5bd270609263f77c9da3d92a',NULL,'kpagan06@yahoo.com','subscribed',NULL,'','',NULL,NULL,'2018-10-26 01:39:44','5bd270609263f77c9da3d92a','2018-10-26 01:39:44','5bd270609263f77c9da3d92a'),('5bd279ab9263f77c9da3d92b',NULL,'kmthomas73@aol.com','subscribed',NULL,'','',NULL,NULL,'2018-10-26 02:19:23','5bd279ab9263f77c9da3d92b','2018-10-26 02:19:23','5bd279ab9263f77c9da3d92b'),('5bd291249263f77c9da3d92c',NULL,'jrmorrow2011@gmail.com','subscribed',NULL,'','',NULL,NULL,'2018-10-26 03:59:32','5bd291249263f77c9da3d92c','2018-10-26 03:59:32','5bd291249263f77c9da3d92c'),('5bd29fee9263f77c9da3d92d',NULL,'brouwlandcompany@gmail.com','subscribed',NULL,'','',NULL,NULL,'2018-10-26 05:02:38','5bd29fee9263f77c9da3d92d','2018-10-26 05:02:38','5bd29fee9263f77c9da3d92d'),('5bd2a5dc9263f77c9da3d92e',NULL,'roycerunning@yahoo.com','subscribed',NULL,'','',NULL,NULL,'2018-10-26 05:27:56','5bd2a5dc9263f77c9da3d92e','2018-10-26 05:27:56','5bd2a5dc9263f77c9da3d92e'),('5bd2a7379263f77c9da3d92f',NULL,'kyla.moore24@aol.com','subscribed',NULL,'','',NULL,NULL,'2018-10-26 05:33:43','5bd2a7379263f77c9da3d92f','2018-10-26 05:33:43','5bd2a7379263f77c9da3d92f'),('5bd2ad539263f77c9da3d930',NULL,'encinasmike40@gmail.com','subscribed',NULL,'','',NULL,NULL,'2018-10-26 05:59:47','5bd2ad539263f77c9da3d930','2018-10-26 05:59:47','5bd2ad539263f77c9da3d930'),('5bd2c0439263f77c9da3d931',NULL,'rsisme50@verizon.net','subscribed',NULL,'','',NULL,NULL,'2018-10-26 07:20:35','5bd2c0439263f77c9da3d931','2018-10-26 07:20:35','5bd2c0439263f77c9da3d931'),('5bd2d0869263f77c9da3d932',NULL,'chain075@gmail.com','subscribed',NULL,'','',NULL,NULL,'2018-10-26 08:29:58','5bd2d0869263f77c9da3d932','2018-10-26 08:29:58','5bd2d0869263f77c9da3d932'),('5bd2d0e59263f77c9da3d933',NULL,'duanegermenis@yahoo.com','subscribed',NULL,'','',NULL,NULL,'2018-10-26 08:31:33','5bd2d0e59263f77c9da3d933','2018-10-26 08:31:33','5bd2d0e59263f77c9da3d933'),('5bd2fbb19263f77c9da3d934',NULL,'gemstonegassupply@yahoo.com','subscribed',NULL,'','',NULL,NULL,'2018-10-26 11:34:09','5bd2fbb19263f77c9da3d934','2018-10-26 11:34:09','5bd2fbb19263f77c9da3d934'),('5bd314659263f77c9da3d935',NULL,'jlpfernandez@yahoo.com','subscribed',NULL,'','',NULL,NULL,'2018-10-26 13:19:33','5bd314659263f77c9da3d935','2018-10-26 13:19:33','5bd314659263f77c9da3d935'),('5bd314f09263f77c9da3d936',NULL,'bradbrown2004@yahoo.com','subscribed',NULL,'','',NULL,NULL,'2018-10-26 13:21:52','5bd314f09263f77c9da3d936','2018-10-26 13:21:52','5bd314f09263f77c9da3d936'),('5bd31b469263f77c9da3d937',NULL,'life0fanoutlaw@yahoo.com','subscribed',NULL,'','',NULL,NULL,'2018-10-26 13:48:54','5bd31b469263f77c9da3d937','2018-10-26 13:48:54','5bd31b469263f77c9da3d937'),('5bd320219263f77c9da3d938',NULL,'sales@proflexuk.com','subscribed',NULL,'','',NULL,NULL,'2018-10-26 14:09:37','5bd320219263f77c9da3d938','2018-10-26 14:09:37','5bd320219263f77c9da3d938'),('5bd320759263f77c9da3d939',NULL,'adenekos@yahoo.com','subscribed',NULL,'','',NULL,NULL,'2018-10-26 14:11:01','5bd320759263f77c9da3d939','2018-10-26 14:11:01','5bd320759263f77c9da3d939'),('5bd321809263f77c9da3d93a',NULL,'jimandmarisa@yahoo.com','subscribed',NULL,'','',NULL,NULL,'2018-10-26 14:15:28','5bd321809263f77c9da3d93a','2018-10-26 14:15:28','5bd321809263f77c9da3d93a'),('5bd33af79263f77c9da3d93b',NULL,'gwood6@gmail.com','subscribed',NULL,'','',NULL,NULL,'2018-10-26 16:04:07','5bd33af79263f77c9da3d93b','2018-10-26 16:04:07','5bd33af79263f77c9da3d93b'),('5bd340039263f77c9da3d93c',NULL,'chrystopherrhodes@gmail.com','subscribed',NULL,'','',NULL,NULL,'2018-10-26 16:25:39','5bd340039263f77c9da3d93c','2018-10-26 16:25:39','5bd340039263f77c9da3d93c'),('5bd346929263f77c9da3d93d',NULL,'maddiefernandez94@yahoo.com','subscribed',NULL,'','',NULL,NULL,'2018-10-26 16:53:38','5bd346929263f77c9da3d93d','2018-10-26 16:53:38','5bd346929263f77c9da3d93d'),('5bd357269263f77c9da3d93e',NULL,'hannah.aizenman@gmail.com','subscribed',NULL,'','',NULL,NULL,'2018-10-26 18:04:22','5bd357269263f77c9da3d93e','2018-10-26 18:04:22','5bd357269263f77c9da3d93e'),('5bd357c39263f77c9da3d93f',NULL,'camdenprincing@gmail.com','subscribed',NULL,'','',NULL,NULL,'2018-10-26 18:06:59','5bd357c39263f77c9da3d93f','2018-10-26 18:06:59','5bd357c39263f77c9da3d93f'),('5bd35f979263f77c9da3d940',NULL,'i.am.multiplied@gmail.com','subscribed',NULL,'','',NULL,NULL,'2018-10-26 18:40:23','5bd35f979263f77c9da3d940','2018-10-26 18:40:23','5bd35f979263f77c9da3d940'),('5bd3635a9263f77c9da3d941',NULL,'bmarc007@gmail.com','subscribed',NULL,'','',NULL,NULL,'2018-10-26 18:56:26','5bd3635a9263f77c9da3d941','2018-10-26 18:56:26','5bd3635a9263f77c9da3d941'),('5bd36d949263f77c9da3d942',NULL,'stefania.sellis@gmail.com','subscribed',NULL,'','',NULL,NULL,'2018-10-26 19:40:04','5bd36d949263f77c9da3d942','2018-10-26 19:40:04','5bd36d949263f77c9da3d942'),('5bd372519263f77c9da3d943',NULL,'ashobstyles@gmail.com','subscribed',NULL,'','',NULL,NULL,'2018-10-26 20:00:17','5bd372519263f77c9da3d943','2018-10-26 20:00:17','5bd372519263f77c9da3d943'),('5bd380349263f77c9da3d944',NULL,'patibanda007@gmail.com','subscribed',NULL,'','',NULL,NULL,'2018-10-26 20:59:32','5bd380349263f77c9da3d944','2018-10-26 20:59:32','5bd380349263f77c9da3d944'),('5bd38bb39263f77c9da3d945',NULL,'idanish.k@gmail.com','subscribed',NULL,'','',NULL,NULL,'2018-10-26 21:48:35','5bd38bb39263f77c9da3d945','2018-10-26 21:48:35','5bd38bb39263f77c9da3d945'),('5bd392399263f77c9da3d946',NULL,'cmbalban@gmail.com','subscribed',NULL,'','',NULL,NULL,'2018-10-26 22:16:25','5bd392399263f77c9da3d946','2018-10-26 22:16:25','5bd392399263f77c9da3d946'),('5bd398779263f77c9da3d947',NULL,'ilaurabgood@yahoo.com','subscribed',NULL,'','',NULL,NULL,'2018-10-26 22:43:03','5bd398779263f77c9da3d947','2018-10-26 22:43:03','5bd398779263f77c9da3d947'),('5bd3a4f49263f77c9da3d948',NULL,'dkbrigs27th@aol.com','subscribed',NULL,'','',NULL,NULL,'2018-10-26 23:36:20','5bd3a4f49263f77c9da3d948','2018-10-26 23:36:20','5bd3a4f49263f77c9da3d948'),('5bd3ab069263f77c9da3d949',NULL,'medraffin@gmail.com','subscribed',NULL,'','',NULL,NULL,'2018-10-27 00:02:14','5bd3ab069263f77c9da3d949','2018-10-27 00:02:14','5bd3ab069263f77c9da3d949'),('5bd3beea9263f77c9da3d94a',NULL,'jguypotvin@gmail.com','subscribed',NULL,'','',NULL,NULL,'2018-10-27 01:27:06','5bd3beea9263f77c9da3d94a','2018-10-27 01:27:06','5bd3beea9263f77c9da3d94a'),('5bd3cc779263f77c9da3d94b',NULL,'quyendiep062@yahoo.com','subscribed',NULL,'','',NULL,NULL,'2018-10-27 02:24:55','5bd3cc779263f77c9da3d94b','2018-10-27 02:24:55','5bd3cc779263f77c9da3d94b'),('5bd3cca19263f77c9da3d94c',NULL,'moriartykp@yahoo.com','subscribed',NULL,'','',NULL,NULL,'2018-10-27 02:25:37','5bd3cca19263f77c9da3d94c','2018-10-27 02:25:37','5bd3cca19263f77c9da3d94c'),('5bd42a459263f77c9da3d94d',NULL,'tweisbrook@gmail.com','subscribed',NULL,'','',NULL,NULL,'2018-10-27 09:05:09','5bd42a459263f77c9da3d94d','2018-10-27 09:05:09','5bd42a459263f77c9da3d94d'),('5bd431549263f77c9da3d94e',NULL,'simtechguy@gmail.com','subscribed',NULL,'','',NULL,NULL,'2018-10-27 09:35:16','5bd431549263f77c9da3d94e','2018-10-27 09:35:16','5bd431549263f77c9da3d94e'),('5bd43bc29263f77c9da3d94f',NULL,'jairegutierrez11@gmail.com','subscribed',NULL,'','',NULL,NULL,'2018-10-27 10:19:46','5bd43bc29263f77c9da3d94f','2018-10-27 10:19:46','5bd43bc29263f77c9da3d94f'),('5bd44cca9263f77c9da3d950',NULL,'asheron@yahoo.com','subscribed',NULL,'','',NULL,NULL,'2018-10-27 11:32:26','5bd44cca9263f77c9da3d950','2018-10-27 11:32:26','5bd44cca9263f77c9da3d950'),('5bd45b6c9263f77c9da3d951',NULL,'dhc6otter@gmail.com','subscribed',NULL,'','',NULL,NULL,'2018-10-27 12:34:52','5bd45b6c9263f77c9da3d951','2018-10-27 12:34:52','5bd45b6c9263f77c9da3d951');
/*!40000 ALTER TABLE `subscribers` ENABLE KEYS */;
UNLOCK TABLES;

--
-- Table structure for table `tags`
--

DROP TABLE IF EXISTS `tags`;
/*!40101 SET @saved_cs_client     = @@character_set_client */;
/*!40101 SET character_set_client = utf8 */;
CREATE TABLE `tags` (
  `id` varchar(24) NOT NULL,
  `name` varchar(191) NOT NULL,
  `slug` varchar(191) NOT NULL,
  `description` text,
  `feature_image` varchar(2000) DEFAULT NULL,
  `parent_id` varchar(191) DEFAULT NULL,
  `visibility` varchar(50) NOT NULL DEFAULT 'public',
  `meta_title` varchar(2000) DEFAULT NULL,
  `meta_description` varchar(2000) DEFAULT NULL,
  `created_at` datetime NOT NULL,
  `created_by` varchar(24) NOT NULL,
  `updated_at` datetime DEFAULT NULL,
  `updated_by` varchar(24) DEFAULT NULL,
  PRIMARY KEY (`id`),
  UNIQUE KEY `tags_slug_unique` (`slug`)
) ENGINE=InnoDB DEFAULT CHARSET=utf8mb4;
/*!40101 SET character_set_client = @saved_cs_client */;

--
-- Dumping data for table `tags`
--

LOCK TABLES `tags` WRITE;
/*!40000 ALTER TABLE `tags` DISABLE KEYS */;
INSERT INTO `tags` VALUES ('5b93f7202271212b255a2e79','wedding','wedding',NULL,NULL,NULL,'public',NULL,NULL,'2018-09-08 16:21:52','1','2018-09-08 16:21:52','1'),('5b93f7202271212b255a2e7a','photo','photo',NULL,NULL,NULL,'public',NULL,NULL,'2018-09-08 16:21:52','1','2018-09-08 16:21:52','1');
/*!40000 ALTER TABLE `tags` ENABLE KEYS */;
UNLOCK TABLES;

--
-- Table structure for table `users`
--

DROP TABLE IF EXISTS `users`;
/*!40101 SET @saved_cs_client     = @@character_set_client */;
/*!40101 SET character_set_client = utf8 */;
CREATE TABLE `users` (
  `id` varchar(24) NOT NULL,
  `name` varchar(191) NOT NULL,
  `slug` varchar(191) NOT NULL,
  `ghost_auth_access_token` varchar(32) DEFAULT NULL,
  `ghost_auth_id` varchar(24) DEFAULT NULL,
  `password` varchar(60) NOT NULL,
  `email` varchar(191) NOT NULL,
  `profile_image` varchar(2000) DEFAULT NULL,
  `cover_image` varchar(2000) DEFAULT NULL,
  `bio` text,
  `website` varchar(2000) DEFAULT NULL,
  `location` text,
  `facebook` varchar(2000) DEFAULT NULL,
  `twitter` varchar(2000) DEFAULT NULL,
  `accessibility` text,
  `status` varchar(50) NOT NULL DEFAULT 'active',
  `locale` varchar(6) DEFAULT NULL,
  `visibility` varchar(50) NOT NULL DEFAULT 'public',
  `meta_title` varchar(2000) DEFAULT NULL,
  `meta_description` varchar(2000) DEFAULT NULL,
  `tour` text,
  `last_seen` datetime DEFAULT NULL,
  `created_at` datetime NOT NULL,
  `created_by` varchar(24) NOT NULL,
  `updated_at` datetime DEFAULT NULL,
  `updated_by` varchar(24) DEFAULT NULL,
  PRIMARY KEY (`id`),
  UNIQUE KEY `users_slug_unique` (`slug`),
  UNIQUE KEY `users_email_unique` (`email`)
) ENGINE=InnoDB DEFAULT CHARSET=utf8mb4;
/*!40101 SET character_set_client = @saved_cs_client */;

--
-- Dumping data for table `users`
--

LOCK TABLES `users` WRITE;
/*!40000 ALTER TABLE `users` DISABLE KEYS */;
INSERT INTO `users` VALUES ('1','Gu','gau-gau',NULL,NULL,'$2a$10$0yu2aX36mXsn6vubRLbRVu0ZEJj9NNK.e/1ScyzitfhwUkCXP5hr2','tintran2008@gmail.com','/content/images/2018/09/Creative-Tail-Animal-bear-3.png',NULL,NULL,NULL,NULL,NULL,NULL,'{\"nightShift\":true}','active',NULL,'public',NULL,NULL,'[\"getting-started\",\"featured-post\",\"static-post\"]','2018-10-27 15:14:40','2018-09-07 16:32:44','1','2018-10-27 15:14:40','1');
/*!40000 ALTER TABLE `users` ENABLE KEYS */;
UNLOCK TABLES;

--
-- Table structure for table `webhooks`
--

DROP TABLE IF EXISTS `webhooks`;
/*!40101 SET @saved_cs_client     = @@character_set_client */;
/*!40101 SET character_set_client = utf8 */;
CREATE TABLE `webhooks` (
  `id` varchar(24) NOT NULL,
  `event` varchar(50) NOT NULL,
  `target_url` varchar(2000) NOT NULL,
  `created_at` datetime NOT NULL,
  `created_by` varchar(24) NOT NULL,
  `updated_at` datetime DEFAULT NULL,
  `updated_by` varchar(24) DEFAULT NULL,
  PRIMARY KEY (`id`)
) ENGINE=InnoDB DEFAULT CHARSET=utf8mb4;
/*!40101 SET character_set_client = @saved_cs_client */;

--
-- Dumping data for table `webhooks`
--

LOCK TABLES `webhooks` WRITE;
/*!40000 ALTER TABLE `webhooks` DISABLE KEYS */;
/*!40000 ALTER TABLE `webhooks` ENABLE KEYS */;
UNLOCK TABLES;
/*!40103 SET TIME_ZONE=@OLD_TIME_ZONE */;

/*!40101 SET SQL_MODE=@OLD_SQL_MODE */;
/*!40014 SET FOREIGN_KEY_CHECKS=@OLD_FOREIGN_KEY_CHECKS */;
/*!40014 SET UNIQUE_CHECKS=@OLD_UNIQUE_CHECKS */;
/*!40101 SET CHARACTER_SET_CLIENT=@OLD_CHARACTER_SET_CLIENT */;
/*!40101 SET CHARACTER_SET_RESULTS=@OLD_CHARACTER_SET_RESULTS */;
/*!40101 SET COLLATION_CONNECTION=@OLD_COLLATION_CONNECTION */;
/*!40111 SET SQL_NOTES=@OLD_SQL_NOTES */;

-- Dump completed on 2018-10-27 22:43:57
